,이름,주소,구 이름,브랜드
0,역삼아레나빌딩,서울특별시 강남구 언주로 425 ,강남구,스타벅스
1,논현역사거리,서울특별시 강남구 강남대로 538 ,강남구,스타벅스
2,신사역성일빌딩,서울특별시 강남구 강남대로 584 ,강남구,스타벅스
3,국기원사거리,서울특별시 강남구 테헤란로 125 ,강남구,스타벅스
4,대치재경빌딩,서울특별시 강남구 남부순환로 2947 ,강남구,스타벅스
5,봉은사역,서울특별시 강남구 봉은사로 619 ,강남구,스타벅스
6,압구정윤성빌딩,서울특별시 강남구 논현로 834 ,강남구,스타벅스
7,코엑스별마당,서울특별시 강남구 영동대로 513 ,강남구,스타벅스
8,삼성역섬유센터R,서울특별시 강남구 테헤란로 518 ,강남구,스타벅스
9,압구정R,서울특별시 강남구 언주로 861 ,강남구,스타벅스
10,수서역R,서울특별시 강남구 광평로 281 ,강남구,스타벅스
11,양재강남빌딩R,서울특별시 강남구 남부순환로 2621 ,강남구,스타벅스
12,선릉동신빌딩R,서울특별시 강남구 테헤란로 409 ,강남구,스타벅스
13,봉은사로선정릉,서울특별시 강남구 봉은사로 446 ,강남구,스타벅스
14,강남오거리,서울특별시 강남구 봉은사로2길 39 ,강남구,스타벅스
15,스타필드코엑스몰R,서울특별시 강남구 영동대로 513 ,강남구,스타벅스
16,강남구청정문,서울특별시 강남구 학동로 419 ,강남구,스타벅스
17,도곡공원,서울특별시 강남구 도곡로 205 ,강남구,스타벅스
18,강남R,서울특별시 강남구 강남대로 390 ,강남구,스타벅스
19,대치은마사거리,서울특별시 강남구 도곡로 457 ,강남구,스타벅스
20,청담영동대로,서울특별시 강남구 영동대로 720 ,강남구,스타벅스
21,압구정,서울특별시 강남구 압구정로30길 17 ,강남구,스타벅스
22,신사가로수,서울특별시 강남구 가로수길 59 ,강남구,스타벅스
23,청담스타R,서울특별시 강남구 도산대로57길 24 ,강남구,스타벅스
24,강남우성,서울특별시 강남구 강남대로 328 ,강남구,스타벅스
25,학동사거리,서울특별시 강남구 도산대로 328 ,강남구,스타벅스
26,대치사거리,서울특별시 강남구 삼성로 402 ,강남구,스타벅스
27,포스코사거리,서울특별시 강남구 테헤란로 505 ,강남구,스타벅스
28,을지병원사거리,서울특별시 강남구 논현로 752 ,강남구,스타벅스
29,신사역,서울특별시 강남구 도산대로 108 ,강남구,스타벅스
30,도곡역,서울특별시 강남구 남부순환로 2909 ,강남구,스타벅스
31,서울세관사거리,서울특별시 강남구 언주로 650 ,강남구,스타벅스
32,청담사거리,서울특별시 강남구 도산대로 458 ,강남구,스타벅스
33,한티역,"서울특별시 강남구 도곡로 408, 디마크빌딩 101호 ",강남구,스타벅스
34,역삼초교사거리,서울특별시 강남구 역삼로 123 ,강남구,스타벅스
35,코엑스몰,서울특별시 강남구 영동대로 513 ,강남구,스타벅스
36,가로수길,"서울특별시 강남구 논현로175길 94, 1~2층 ",강남구,스타벅스
37,역삼대로,"서울특별시 강남구 테헤란로 211, 한국고등교육재단빌딩 1층 ",강남구,스타벅스
38,역삼포스코,"서울특별시 강남구 테헤란로 134, P&S TOWER ",강남구,스타벅스
39,강남대로,"서울특별시 강남구 강남대로 456, 한석타워 2층 1-2호 ",강남구,스타벅스
40,청담,"서울특별시 강남구 도산대로 532, 인희빌딩 1층 ",강남구,스타벅스
41,삼성도심공항,서울특별시 강남구 테헤란로87길 33 ,강남구,스타벅스
42,삼성교,"서울특별시 강남구 영동대로86길 12, 동남유화빌딩 1층",강남구,스타벅스
43,학동역,서울특별시 강남구 논현로 704 ,강남구,스타벅스
44,대치,서울특별시 강남구 도곡로 511 ,강남구,스타벅스
45,신세계푸드마켓도곡,"서울특별시 강남구 언주로30길 57, 타워팰리스Ⅱ F 지하1층 ",강남구,스타벅스
46,삼성,"서울특별시 강남구 테헤란로 443, 애플트리타워 1층 ",강남구,스타벅스
47,선릉세화빌딩,서울특별시 강남구 테헤란로64길 18 ,강남구,스타벅스
48,압구정역,"서울특별시 강남구 압구정로 170, 관영빌딩 1층 지하1층 ",강남구,스타벅스
49,압구정로,서울특별시 강남구 압구정로42길 32 ,강남구,스타벅스
50,구역삼사거리,서울특별시 강남구 논현로 401 ,강남구,스타벅스
51,큰길타워,"서울특별시 강남구 테헤란로 223, 큰길타워빌딩 ",강남구,스타벅스
52,강남구청역,"서울특별시 강남구 선릉로 669, 웰빙센터 1층 ",강남구,스타벅스
53,대치역,서울특별시 강남구 남부순환로 2936 ,강남구,스타벅스
54,포이,서울특별시 강남구 논현로 88 ,강남구,스타벅스
55,아크플레이스,서울특별시 강남구 테헤란로 142 ,강남구,스타벅스
56,학여울역,서울특별시 강남구 영동대로 215 ,강남구,스타벅스
57,선정릉역,서울특별시 강남구 봉은사로 407 ,강남구,스타벅스
58,삼성현대힐,서울특별시 강남구 삼성로 605 ,강남구,스타벅스
59,GS타워,서울특별시 강남구 논현로 508 ,강남구,스타벅스
60,압구정미소,서울특별시 강남구 논현로 841 ,강남구,스타벅스
61,선릉역,"서울특별시 강남구 테헤란로 334, LG화재 빌딩 ",강남구,스타벅스
62,코엑스사거리,서울특별시 강남구 영동대로 616 ,강남구,스타벅스
63,역삼럭키,서울특별시 강남구 도곡로 183 ,강남구,스타벅스
64,신압구정,서울특별시 강남구 언주로174길 29 ,강남구,스타벅스
65,아크로힐스논현,"서울특별시 강남구 봉은사로 304, 금강빌딩 1-2층 ",강남구,스타벅스
66,강남비젼타워,"서울특별시 강남구 테헤란로2길 27, 1층 101호 ",강남구,스타벅스
67,압구정로데오역,"서울특별시 강남구 선릉로 836, 삼원빌딩 1,2층 ",강남구,스타벅스
68,르네상스사거리,서울특별시 강남구 테헤란로 306 ,강남구,스타벅스
69,포스코,"서울특별시 강남구 삼성로86길 7, 1층 ",강남구,스타벅스
70,선릉로,"서울특별시 강남구 선릉로93길 22, 대흥빌딩 1층 ",강남구,스타벅스
71,논현힐탑,서울특별시 강남구 논현로 648 ,강남구,스타벅스
72,도산가로수길,"서울특별시 강남구 도산대로 134, 2층 ",강남구,스타벅스
73,대치한티,서울특별시 강남구 선릉로 324 ,강남구,스타벅스
74,개포동,서울특별시 강남구 선릉로 34 ,강남구,스타벅스
75,수서역사거리,서울특별시 강남구 광평로 280 ,강남구,스타벅스
76,코엑스아셈타워,서울특별시 강남구 영동대로 517 ,강남구,스타벅스
77,센터필드R,서울특별시 강남구 테헤란로 231 ,강남구,스타벅스
78,도산사거리,서울특별시 강남구 언주로 727 ,강남구,스타벅스
79,강남세곡,서울특별시 강남구 헌릉로569길 18 ,강남구,스타벅스
80,대치삼성,서울특별시 강남구 영동대로 237 ,강남구,스타벅스
81,언주역,서울특별시 강남구 봉은사로 222 ,강남구,스타벅스
82,강남역신분당역사,서울특별시 강남구 강남대로 396 ,강남구,스타벅스
83,삼성역,서울특별시 강남구 테헤란로 620 ,강남구,스타벅스
84,테헤란로아남타워,서울특별시 강남구 테헤란로 311 ,강남구,스타벅스
85,강남논현,서울특별시 강남구 강남대로 512 ,강남구,스타벅스
86,삼성동,서울특별시 강남구 영동대로96길 12 ,강남구,스타벅스
87,청담역,서울특별시 강남구 삼성로 709 ,강남구,스타벅스
88,압구정현대아파트,서울특별시 강남구 논현로175길 38 ,강남구,스타벅스
89,역삼이마트,서울특별시 강남구 역삼로 310 ,강남구,스타벅스
90,강남세곡DT,서울특별시 강남구 헌릉로 727 ,강남구,스타벅스
91,미아뉴타운,서울특별시 강북구 삼양로 161 ,강북구,스타벅스
92,강북구청사거리,서울특별시 강북구 도봉로 365 ,강북구,스타벅스
93,미아사거리역,서울특별시 강북구 도봉로 32 ,강북구,스타벅스
94,수유역,서울특별시 강북구 도봉로 342 ,강북구,스타벅스
95,미아역,서울특별시 강북구 도봉로 196 ,강북구,스타벅스
96,파라스파라서울,서울특별시 강북구 삼양로 689 ,강북구,스타벅스
97,발산역사거리,서울특별시 강서구 공항대로 248 ,강서구,스타벅스
98,마곡역,서울특별시 강서구 공항대로 168 ,강서구,스타벅스
99,우장산역,서울특별시 강서구 강서로 267 ,강서구,스타벅스
100,마곡사이언스타워R,서울특별시 강서구 마곡동로 62 ,강서구,스타벅스
101,방화DT,서울특별시 강서구 방화대로 375 ,강서구,스타벅스
102,마곡나루역,서울특별시 강서구 마곡중앙로 161-17 ,강서구,스타벅스
103,마곡GMG,서울특별시 강서구 마곡중앙6로 16 ,강서구,스타벅스
104,가양역,서울특별시 강서구 양천로 476 ,강서구,스타벅스
105,화곡DT,서울특별시 강서구 등촌로 57 ,강서구,스타벅스
106,양천향교역,서울특별시 강서구 강서로 463 ,강서구,스타벅스
107,화곡동,서울특별시 강서구 화곡로 142,강서구,스타벅스
108,등촌,서울특별시 강서구 공항대로 329 ,강서구,스타벅스
109,염창역,서울특별시 강서구 공항대로 627 ,강서구,스타벅스
110,발산역,서울특별시 강서구 강서로 388 ,강서구,스타벅스
111,까치산역,서울특별시 강서구 강서로13길 3 ,강서구,스타벅스
112,발산역5번출구,서울특별시 강서구 강서로52길 43 ,강서구,스타벅스
113,화곡역8번출구,서울특별시 강서구 강서로 179 ,강서구,스타벅스
114,강서우장산,서울특별시 강서구 강서로 231 ,강서구,스타벅스
115,등촌대로,서울특별시 강서구 공항대로 543 ,강서구,스타벅스
116,가양역사거리,서울특별시 강서구 화곡로 416 ,강서구,스타벅스
117,내발산,서울특별시 강서구 강서로 323 ,강서구,스타벅스
118,마곡웰튼,서울특별시 강서구 마곡중앙5로 22 ,강서구,스타벅스
119,김포공항DT,서울특별시 강서구 개화동로 517 ,강서구,스타벅스
120,강서NC,서울특별시 강서구 강서로56길 17 ,강서구,스타벅스
121,마곡나루공원,서울특별시 강서구 마곡중앙5로 47 ,강서구,스타벅스
122,송정역,서울특별시 강서구 공항대로 38 ,강서구,스타벅스
123,강서구청사거리,서울특별시 강서구 화곡로 350 ,강서구,스타벅스
124,낙성대역,서울특별시 관악구 남부순환로 1908 ,관악구,스타벅스
125,관악서울대입구R,서울특별시 관악구 관악로 158 ,관악구,스타벅스
126,신림DT,서울특별시 관악구 남부순환로 1419 ,관악구,스타벅스
127,서울대역,서울특별시 관악구 남부순환로 1817 ,관악구,스타벅스
128,낙성대DT,서울특별시 관악구 남부순환로 1948 ,관악구,스타벅스
129,사당,서울특별시 관악구 남부순환로 2082-25,관악구,스타벅스
130,보라매대교,서울특별시 관악구 보라매로3길 23 ,관악구,스타벅스
131,신림,서울특별시 관악구 신림로 355-1 ,관악구,스타벅스
132,신림타임스트림,서울특별시 관악구 신림로 330 타임스트림 1층,관악구,스타벅스
133,서울대입구역,서울특별시 관악구 남부순환로 1812 ,관악구,스타벅스
134,서울대입구역8번출구,서울특별시 관악구 남부순환로 1831 ,관악구,스타벅스
135,봉천역,서울특별시 관악구 남부순환로 1730 ,관악구,스타벅스
136,건국대,서울특별시 광진구 능동로 117 ,광진구,스타벅스
137,어린이대공원역,서울특별시 광진구 능동로 243 ,광진구,스타벅스
138,아차산역,서울특별시 광진구 천호대로 676 ,광진구,스타벅스
139,올림픽대교북단,서울특별시 광진구 광나루로 608 ,광진구,스타벅스
140,구의DT,서울특별시 광진구 광나루로 519 ,광진구,스타벅스
141,자양사거리,서울특별시 광진구 아차산로 355,광진구,스타벅스
142,군자역,서울특별시 광진구 천호대로 548 ,광진구,스타벅스
143,광나루,"서울특별시 광진구 아차산로 607, 1,2층 ",광진구,스타벅스
144,건대스타시티,서울특별시 광진구 아차산로 262 ,광진구,스타벅스
145,건대입구,서울특별시 광진구 능동로 107 ,광진구,스타벅스
146,구의역,서울특별시 광진구 아차산로 373 ,광진구,스타벅스
147,광장,서울특별시 광진구 아차산로 537-17 ,광진구,스타벅스
148,건국클래식,서울특별시 광진구 능동로 90 ,광진구,스타벅스
149,건대후문,서울특별시 광진구 능동로 172 ,광진구,스타벅스
150,중곡역,서울특별시 광진구 능동로 400 ,광진구,스타벅스
151,자양이마트,서울특별시 광진구 아차산로 272 ,광진구,스타벅스
152,자양역,서울특별시 광진구 능동로 18 ,광진구,스타벅스
153,군자사거리,서울특별시 광진구 천호대로 549 ,광진구,스타벅스
154,금천구청역,서울특별시 금천구 시흥대로73길 67 ,금천구,스타벅스
155,가산에스케이,서울특별시 금천구 가산디지털1로 171 ,금천구,스타벅스
156,독산사거리,서울특별시 금천구 시흥대로 426 ,금천구,스타벅스
157,금천시흥,서울특별시 금천구 시흥대로 164 ,금천구,스타벅스
158,가산디지털단지역,서울특별시 금천구 벚꽃로 298 ,금천구,스타벅스
159,금천독산,서울특별시 금천구 두산로 70 ,금천구,스타벅스
160,가산디지털,서울특별시 금천구 가산디지털1로 168 ,금천구,스타벅스
161,마리오아울렛,서울특별시 금천구 벚꽃로 266 마리오아울렛3관,금천구,스타벅스
162,가산브이타워,서울특별시 금천구 가산디지털1로 128 ,금천구,스타벅스
163,가산그레이트,"서울특별시 금천구 디지털로9길 32, 갑을그레이트밸리 1층 ",금천구,스타벅스
164,독산역,서울특별시 금천구 가산디지털1로 16 ,금천구,스타벅스
165,가산현대아울렛,서울특별시 금천구 디지털로10길 9 ,금천구,스타벅스
166,가산케이에스,서울특별시 금천구 벚꽃로36길 30 ,금천구,스타벅스
167,월계역,서울특별시 노원구 초안산로2라길26 월계동,노원구,스타벅스
168,월계트레이더스,서울특별시 노원구 마들로3길 15 ,노원구,스타벅스
169,상계초교사거리,서울특별시 노원구 노원로 449 ,노원구,스타벅스
170,공릉DT,서울특별시 노원구 동일로 1015 ,노원구,스타벅스
171,노원마들역,서울특별시 노원구 노원로 569 ,노원구,스타벅스
172,공릉역,서울특별시 노원구 동일로 1081 ,노원구,스타벅스
173,은행사거리,"서울특별시 노원구 중계로 217, 중흥빌딩 103,203호 ",노원구,스타벅스
174,노원KT,"서울특별시 노원구 노해로 502,  주)KT 노원사옥 ",노원구,스타벅스
175,광운대,서울특별시 노원구 석계로 104 ,노원구,스타벅스
176,중계역,"서울특별시 노원구 동일로 1339, 대한빌딩 ",노원구,스타벅스
177,노원역,서울특별시 노원구 동일로 1413 ,노원구,스타벅스
178,월계이마트,서울특별시 노원구 마들로3길 15 ,노원구,스타벅스
179,태릉입구역DT,서울특별시 노원구 화랑로 469 ,노원구,스타벅스
180,노원상계,서울특별시 노원구 동일로215길 2 ,노원구,스타벅스
181,창동이마트,서울특별시 도봉구 노해로65길 4 ,도봉구,스타벅스
182,쌍문역,서울특별시 도봉구 도봉로 480 ,도봉구,스타벅스
183,도봉구청,서울특별시 도봉구 마들로 665 ,도봉구,스타벅스
184,쌍문도봉로,서울특별시 도봉구 도봉로 444 ,도봉구,스타벅스
185,도봉로DT,서울특별시 도봉구 도봉로 635 ,도봉구,스타벅스
186,방학역,서울특별시 도봉구 도봉로 684 ,도봉구,스타벅스
187,창동역,서울특별시 도봉구 마들로13길 61 ,도봉구,스타벅스
188,노량진동,서울특별시 동작구 노량진로 190 ,동작구,스타벅스
189,남성역,서울특별시 동작구 사당로 219 ,동작구,스타벅스
190,상도역,서울특별시 동작구 상도로37길 1 ,동작구,스타벅스
191,보라매공원R,서울특별시 동작구 보라매로5길 35 ,동작구,스타벅스
192,이수자이,서울특별시 동작구 사당로 300 ,동작구,스타벅스
193,노량진역,서울특별시 동작구 노량진로 134 ,동작구,스타벅스
194,신대방삼거리역,서울특별시 동작구 상도로 102 ,동작구,스타벅스
195,중앙대,서울특별시 동작구 흑석로 75-1 ,동작구,스타벅스
196,숭실대입구역,서울특별시 동작구 상도로 354 ,동작구,스타벅스
197,숭실대,서울특별시 동작구 사당로 4 ,동작구,스타벅스
198,사당역,"서울특별시 동작구 동작대로 21, 양지빌딩 1-3층 ",동작구,스타벅스
199,서강대프라자,서울특별시 마포구 백범로 35 ,마포구,스타벅스
200,상암YTN,서울특별시 마포구 상암산로 76 ,마포구,스타벅스
201,마포용강동,서울특별시 마포구 토정로 295 ,마포구,스타벅스
202,홍대입구역사거리R,서울특별시 마포구 양화로 125 ,마포구,스타벅스
203,마포경찰서후문,서울특별시 마포구 마포대로 173-14 ,마포구,스타벅스
204,공덕,서울특별시 마포구 마포대로 130 ,마포구,스타벅스
205,합정폴리스R,서울특별시 마포구 양화로 45 ,마포구,스타벅스
206,홍대공항철도역,서울특별시 마포구 양화로 178 ,마포구,스타벅스
207,마포염리,서울특별시 마포구 독막로 311 ,마포구,스타벅스
208,서강광흥창역,서울특별시 마포구 서강로 69 ,마포구,스타벅스
209,합정,서울특별시 마포구 월드컵로1길 14 ,마포구,스타벅스
210,서강대흥역,서울특별시 마포구 백범로 89-5 ,마포구,스타벅스
211,서교동사거리,서울특별시 마포구 양화로 105 ,마포구,스타벅스
212,상암사보이시티,서울특별시 마포구 월드컵북로54길 17 ,마포구,스타벅스
213,신촌오거리,서울특별시 마포구 신촌로16길 10 ,마포구,스타벅스
214,상암디지털큐브,서울특별시 마포구 상암산로 34,마포구,스타벅스
215,상수역,서울특별시 마포구 독막로 88 ,마포구,스타벅스
216,공덕오거리,서울특별시 마포구 마포대로 86 ,마포구,스타벅스
217,서강대,서울특별시 마포구 백범로 23 ,마포구,스타벅스
218,상암MBC,서울특별시 마포구 성암로 267 ,마포구,스타벅스
219,홍대역,"서울특별시 마포구 양화로 165, 상진빌딩 1층 ",마포구,스타벅스
220,동교,"서울특별시 마포구 월드컵북로 22, 영준빌딩 1층 ",마포구,스타벅스
221,애오개역,"서울특별시 마포구 마포대로 201, 마포트라팰리스II ",마포구,스타벅스
222,상암DMC,"서울특별시 마포구 월드컵북로 375, DMC이안오피스텔1단지 102호,202호 ",마포구,스타벅스
223,마포일진빌딩,"서울특별시 마포구 마포대로 45, 일진빌딩 1층 ",마포구,스타벅스
224,마포아크로,서울특별시 마포구 마포대로 68 ,마포구,스타벅스
225,홍대삼거리,서울특별시 마포구 와우산로 64 ,마포구,스타벅스
226,망원역,서울특별시 마포구 월드컵로 74 ,마포구,스타벅스
227,마포이마트,서울특별시 마포구 백범로 212 ,마포구,스타벅스
228,합정메세나몰,서울특별시 마포구 양화로 45 ,마포구,스타벅스
229,아현역대로,서울특별시 마포구 신촌로 262 ,마포구,스타벅스
230,디지털미디어시티역,서울특별시 마포구 성암로 179 ,마포구,스타벅스
231,홍대역8번출구,서울특별시 마포구 양화로 166 ,마포구,스타벅스
232,합정푸르지오,서울특별시 마포구 월드컵로3길 14 ,마포구,스타벅스
233,홍대동교,서울특별시 마포구 양화로 192 ,마포구,스타벅스
234,망원한강공원,서울특별시 마포구 마포나루길 435 ,마포구,스타벅스
235,가재울뉴타운,서울특별시 서대문구 가재울미래로 2 ,서대문구,스타벅스
236,남가좌사거리,서울특별시 서대문구 거북골로 84 ,서대문구,스타벅스
237,신촌역,서울특별시 서대문구 신촌로 73 ,서대문구,스타벅스
238,연희동,서울특별시 서대문구 연희로 97 ,서대문구,스타벅스
239,아현역,서울특별시 서대문구 신촌로35길 10 ,서대문구,스타벅스
240,홍제역,서울특별시 서대문구 통일로 451 ,서대문구,스타벅스
241,연세백양로,서울특별시 서대문구 연세로 50 ,서대문구,스타벅스
242,연희DT,서울특별시 서대문구 연희로 144 ,서대문구,스타벅스
243,경기대,서울특별시 서대문구 충정로 53 ,서대문구,스타벅스
244,신촌,서울특별시 서대문구 연세로 10-1 ,서대문구,스타벅스
245,이대R,서울특별시 서대문구 이화여대길 34 ,서대문구,스타벅스
246,연세종합관,"서울특별시 서대문구 연세로 50, 연세세브란스 종합관 ",서대문구,스타벅스
247,이대ECC,서울특별시 서대문구 이화여대길 52 ,서대문구,스타벅스
248,연대,서울특별시 서대문구 연세로 35 ,서대문구,스타벅스
249,신촌아트레온,서울특별시 서대문구 신촌로 129 ,서대문구,스타벅스
250,충정로역,서울특별시 서대문구 충정로 23,서대문구,스타벅스
251,연대동문,서울특별시 서대문구 성산로 565 ,서대문구,스타벅스
252,신촌명물거리,"서울특별시 서대문구 명물길 24, 1-5층 ",서대문구,스타벅스
253,충정타워,"서울특별시 서대문구 서소문로 21, 충정타워빌딩 1층 ",서대문구,스타벅스
254,이대역,서울특별시 서대문구 신촌로 183 ,서대문구,스타벅스
255,북가좌DT,서울특별시 서대문구 응암로 85 ,서대문구,스타벅스
256,현대신촌,서울특별시 서대문구 신촌로 83 ,서대문구,스타벅스
257,방배로,서울특별시 서초구 방배로 52 ,서초구,스타벅스
258,강남교보타워R,서울특별시 서초구 강남대로 465 ,서초구,스타벅스
259,방배다이치빌딩,서울특별시 서초구 방배로 114 ,서초구,스타벅스
260,센트럴F1,서울특별시 서초구 신반포로 176 ,서초구,스타벅스
261,서초역이화빌딩,서울특별시 서초구 반포대로21길 3 ,서초구,스타벅스
262,서초구청,서울특별시 서초구 남부순환로 2557 ,서초구,스타벅스
263,서초우성사거리,서울특별시 서초구 강남대로 343 ,서초구,스타벅스
264,이수역사거리,서울특별시 서초구 서초대로 3-4 ,서초구,스타벅스
265,강남대로신사,서울특별시 서초구 강남대로 595 ,서초구,스타벅스
266,서울고속터미널,서울특별시 서초구 신반포로 194 ,서초구,스타벅스
267,강남대로논현R,서울특별시 서초구 강남대로85길 5 ,서초구,스타벅스
268,방배,서울특별시 서초구 방배로 211,서초구,스타벅스
269,방배카페거리,서울특별시 서초구 방배중앙로 162 ,서초구,스타벅스
270,서초법원,서울특별시 서초구 서초대로 274 ,서초구,스타벅스
271,청계산입구역,서울특별시 서초구 청계산로 203 ,서초구,스타벅스
272,사당로데오,서울특별시 서초구 방배천로 5-4,서초구,스타벅스
273,파미에파크R,서울특별시 서초구 사평대로 205 ,서초구,스타벅스
274,양재역,서울특별시 서초구 강남대로 202 ,서초구,스타벅스
275,논현역,서울특별시 서초구 강남대로 557 ,서초구,스타벅스
276,이수역,서울특별시 서초구 동작대로 112 ,서초구,스타벅스
277,내방역,서울특별시 서초구 방배로 184 ,서초구,스타벅스
278,서초파라곤,서울특별시 서초구 서초대로74길 29 ,서초구,스타벅스
279,서울아트센터,서울특별시 서초구 남부순환로 2395 ,서초구,스타벅스
280,서초중앙로,서울특별시 서초구 서초중앙로 225,서초구,스타벅스
281,센트럴시티,서울특별시 서초구 신반포로 176 ,서초구,스타벅스
282,강남삼성타운,서울특별시 서초구 서초대로78길 24 ,서초구,스타벅스
283,방배역,서울특별시 서초구 방배로 84 ,서초구,스타벅스
284,반포역,서울특별시 서초구 신반포로 257 ,서초구,스타벅스
285,남부터미널,"서울특별시 서초구 서초중앙로 26, 래미안서초유니빌 1층 101호 ",서초구,스타벅스
286,뉴코아강남,서울특별시 서초구 잠원로 69 ,서초구,스타벅스
287,강남서초초교,"서울특별시 서초구 서초대로77길 27, 유빌딩 1,2층 ",서초구,스타벅스
288,교대,서울특별시 서초구 서초중앙로 118 ,서초구,스타벅스
289,하이브랜드,"서울특별시 서초구 매헌로 16, 리빙관 101호 ",서초구,스타벅스
290,신논현역,서울특별시 서초구 강남대로 483 ,서초구,스타벅스
291,영동2교,"서울특별시 서초구 논현로 139, 대흥빌딩 ",서초구,스타벅스
292,남부터미널역5번출구,서울특별시 서초구 효령로 274 ,서초구,스타벅스
293,서래마을입구,서울특별시 서초구 서래로 48 ,서초구,스타벅스
294,몬테소리,서울특별시 서초구 강남대로 399 ,서초구,스타벅스
295,서초역,서울특별시 서초구 반포대로 118 ,서초구,스타벅스
296,교대법원,서울특별시 서초구 서초중앙로 164 ,서초구,스타벅스
297,강남GT타워,"서울특별시 서초구 서초대로 411, GT타워 ",서초구,스타벅스
298,서초동,"서울특별시 서초구 남부순환로339길 64, 현우빌딩 1층 ",서초구,스타벅스
299,서울교대,"서울특별시 서초구 서초중앙로 64, 1층 ",서초구,스타벅스
300,강남에비뉴,"서울특별시 서초구 서초대로77길 62, 강남역아이파크 B102~B105 ",서초구,스타벅스
301,반포자이,서울특별시 서초구 잠원로 24 ,서초구,스타벅스
302,강남역우송빌딩,서울특별시 서초구 서초대로73길 7 ,서초구,스타벅스
303,서이초교사거리,서울특별시 서초구 사임당로 143 ,서초구,스타벅스
304,서울웨이브아트센터,서울특별시 서초구 잠원로 145-35 ,서초구,스타벅스
305,길음역,서울특별시 성북구 정릉로 376 ,성북구,스타벅스
306,미아이마트,서울특별시 성북구 도봉로 17 ,성북구,스타벅스
307,종암DT,서울특별시 성북구 종암로 17 ,성북구,스타벅스
308,미아,서울특별시 성북구 동소문로 314 ,성북구,스타벅스
309,성신여대정문,서울특별시 성북구 보문로34길 62 ,성북구,스타벅스
310,종암,서울특별시 성북구 종암로 122 ,성북구,스타벅스
311,삼선교,서울특별시 성북구 동소문로 10 ,성북구,스타벅스
312,월곡역,"서울특별시 성북구 화랑로 76, 101-1호 ",성북구,스타벅스
313,고대,서울특별시 성북구 고려대로24길 51 ,성북구,스타벅스
314,현대미아,서울특별시 성북구 동소문로 315 ,성북구,스타벅스
315,성신여대,서울특별시 성북구 동소문로24길 12 ,성북구,스타벅스
316,안암역,서울특별시 성북구 고려대로 102-2 ,성북구,스타벅스
317,한성대입구역,서울특별시 성북구 성북로 11 ,성북구,스타벅스
318,고대안암병원,서울특별시 성북구 고려대로 73 ,성북구,스타벅스
319,장위뉴타운,서울특별시 성북구 장월로38길 4 ,성북구,스타벅스
320,송파나루역DT,서울특별시 송파구 오금로 142 ,송파구,스타벅스
321,송파헬리오시티,서울특별시 송파구 송파대로 345 ,송파구,스타벅스
322,잠실시그마타워,서울특별시 송파구 올림픽로 289 ,송파구,스타벅스
323,문정법원로R,서울특별시 송파구 송파대로 201 ,송파구,스타벅스
324,송파개롱역,서울특별시 송파구 오금로 420 ,송파구,스타벅스
325,문정하비오,서울특별시 송파구 송파대로 111 ,송파구,스타벅스
326,문정역,서울특별시 송파구 송파대로 167 ,송파구,스타벅스
327,잠실대교남단R,서울특별시 송파구 송파대로 570 타워 730 1층,송파구,스타벅스
328,송파위례,서울특별시 송파구 위례광장로 230 ,송파구,스타벅스
329,송파방이DT,서울특별시 송파구 오금로 241 ,송파구,스타벅스
330,올림픽평화의문,서울특별시 송파구 위례성대로 38 ,송파구,스타벅스
331,송파아이파크,서울특별시 송파구 법원로 55 ,송파구,스타벅스
332,송파사거리,서울특별시 송파구 송파대로 386 ,송파구,스타벅스
333,석촌서호,서울특별시 송파구 석촌호수로 176 ,송파구,스타벅스
334,문정로데오,서울특별시 송파구 동남로 141 ,송파구,스타벅스
335,올림픽훼미리,서울특별시 송파구 중대로 68 ,송파구,스타벅스
336,올림픽공원남문,서울특별시 송파구 위례성대로 102 ,송파구,스타벅스
337,방이역,"서울특별시 송파구 마천로 53, 1~2층 ",송파구,스타벅스
338,석촌호수,서울특별시 송파구 석촌호수로 262 ,송파구,스타벅스
339,잠실푸르지오월드,"서울특별시 송파구 올림픽로35가길 9, 잠실푸르지오월드마크 1층 ",송파구,스타벅스
340,잠실새내역,서울특별시 송파구 올림픽로 96 ,송파구,스타벅스
341,잠실역,서울특별시 송파구 송파대로 562 ,송파구,스타벅스
342,갤러리아팰리스,"서울특별시 송파구 올림픽로 212, 갤러리아 팰리스 ",송파구,스타벅스
343,아시아선수촌,서울특별시 송파구 백제고분로 69 ,송파구,스타벅스
344,올림픽아파트,서울특별시 송파구 양재대로 1220 ,송파구,스타벅스
345,가락본동,서울특별시 송파구 송파대로30길 13 ,송파구,스타벅스
346,석촌역,"서울특별시 송파구 백제고분로 358, 1층 ",송파구,스타벅스
347,가락시장역,"서울특별시 송파구 중대로 121, 롯데캐슬 파인힐 1층 ",송파구,스타벅스
348,가든파이브,서울특별시 송파구 충민로 10 ,송파구,스타벅스
349,잠실본동,서울특별시 송파구 백제고분로 91 ,송파구,스타벅스
350,송파NC,서울특별시 송파구 충민로 66 ,송파구,스타벅스
351,송파거여역,서울특별시 송파구 오금로 493 ,송파구,스타벅스
352,몽촌토성역,서울특별시 송파구 위례성대로 6 ,송파구,스타벅스
353,송파KT,서울특별시 송파구 잠실로 209 ,송파구,스타벅스
354,문정법조타운 한양타워,서울특별시 송파구 법원로11길 12 ,송파구,스타벅스
355,송파마천사거리DT,서울특별시 송파구 거마로 78 ,송파구,스타벅스
356,목동파리공원,서울특별시 양천구 목동동로 377 ,양천구,스타벅스
357,등촌역,서울특별시 양천구 공항대로 566 ,양천구,스타벅스
358,목동행복한,서울특별시 양천구 목동동로 309 ,양천구,스타벅스
359,신정DT,서울특별시 양천구 신월로 341 ,양천구,스타벅스
360,목동역,서울특별시 양천구 목동로 203 ,양천구,스타벅스
361,목동오목로,서울특별시 양천구 오목로 279 ,양천구,스타벅스
362,목동8단지,서울특별시 양천구 목동서로 299 ,양천구,스타벅스
363,오목교역,서울특별시 양천구 오목로 354 ,양천구,스타벅스
364,신월IC DT,서울특별시 양천구 남부순환로 430 ,양천구,스타벅스
365,목동7단지,서울특별시 양천구 목동서로 213 ,양천구,스타벅스
366,목동5단지,"서울특별시 양천구 목동동로 411, 1동 116호",양천구,스타벅스
367,목동,서울특별시 양천구 목동서로 67 ,양천구,스타벅스
368,현대목동,서울특별시 양천구 목동동로 257 ,양천구,스타벅스
369,목동SBS,서울특별시 양천구 목동서로 161 ,양천구,스타벅스
370,목동트라팰리스,서울특별시 양천구 오목로 299 ,양천구,스타벅스
371,목동10단지,서울특별시 양천구 목동서로 401 ,양천구,스타벅스
372,신월동DT,서울특별시 양천구 남부순환로 319 ,양천구,스타벅스
373,타임스퀘어R,서울특별시 영등포구 영중로 15 지하 1층 ,영등포구,스타벅스
374,샛강역,서울특별시 영등포구 여의대방로 376 ,영등포구,스타벅스
375,영등포역,서울특별시 영등포구 경인로 870 ,영등포구,스타벅스
376,당산대로,서울특별시 영등포구 양평로 22 ,영등포구,스타벅스
377,여의도IFC몰(L1)R,서울특별시 영등포구 국제금융로 10 ,영등포구,스타벅스
378,여의도KBS R,서울특별시 영등포구 의사당대로 26 ,영등포구,스타벅스
379,여의도화재보험,서울특별시 영등포구 국제금융로6길 38 ,영등포구,스타벅스
380,국회대로,서울특별시 영등포구 국회대로 786 ,영등포구,스타벅스
381,영등포KT,서울특별시 영등포구 영중로 119 ,영등포구,스타벅스
382,여의도공원R,서울특별시 영등포구 여의공원로 101 ,영등포구,스타벅스
383,국회의사당역,서울특별시 영등포구 의사당대로 8 ,영등포구,스타벅스
384,여의도역R,서울특별시 영등포구 의사당대로 83 ,영등포구,스타벅스
385,선유동이레빌딩,서울특별시 영등포구 선유동2로 57 ,영등포구,스타벅스
386,동여의도,서울특별시 영등포구 국제금융로 86 ,영등포구,스타벅스
387,여의도ABL타워,서울특별시 영등포구 의사당대로 147 ,영등포구,스타벅스
388,영등포신길,서울특별시 영등포구 신길로 137 ,영등포구,스타벅스
389,문래역,서울특별시 영등포구 당산로 34 ,영등포구,스타벅스
390,당산,서울특별시 영등포구 양평로 64 ,영등포구,스타벅스
391,여의도한양증권,서울특별시 영등포구 국제금융로6길 7 ,영등포구,스타벅스
392,여의도일신,서울특별시 영등포구 은행로 11 ,영등포구,스타벅스
393,신세계타임스퀘어B2,"서울특별시 영등포구 영중로 9, 신세계타임스퀘어점 리빙관 지하2층 ",영등포구,스타벅스
394,하이테크시티,서울특별시 영등포구 경인로 775 ,영등포구,스타벅스
395,여의도,서울특별시 영등포구 국제금융로2길 28 ,영등포구,스타벅스
396,롯데캐슬여의도,서울특별시 영등포구 의사당대로 127 ,영등포구,스타벅스
397,문래동,"서울특별시 영등포구 선유로 64, 대창타운빌 1층 ",영등포구,스타벅스
398,신세계타임스퀘어1F,"서울특별시 영등포구 영중로 9, 신세계백화점 리빙관 1층 ",영등포구,스타벅스
399,여의도호성,"서울특별시 영등포구 여의대방로65길 24, 호성빌딩 1층 ",영등포구,스타벅스
400,타임스퀘어B2,"서울특별시 영등포구 영중로 15, 지하2층 ",영등포구,스타벅스
401,영등포본동,서울특별시 영등포구 영등포로 254 ,영등포구,스타벅스
402,타임스퀘어2F,서울특별시 영등포구 영중로 15 지상2층 ,영등포구,스타벅스
403,여의도의사당,서울특별시 영등포구 국회대로74길 12 ,영등포구,스타벅스
404,여의도IFC(1F),서울특별시 영등포구 국제금융로 10 ,영등포구,스타벅스
405,여의도신한투자증권타워,서울특별시 영등포구 여의대로 70 ,영등포구,스타벅스
406,선유도역 1번출구,서울특별시 영등포구 양평로 128 ,영등포구,스타벅스
407,영등포시장역,서울특별시 영등포구 영중로 79 ,영등포구,스타벅스
408,영등포구청역,서울특별시 영등포구 국회대로 558 ,영등포구,스타벅스
409,서울양평역,서울특별시 영등포구 선유서로24길 6 ,영등포구,스타벅스
410,영등포시장교차로,서울특별시 영등포구 영중로 45 ,영등포구,스타벅스
411,더현대서울(B2)R,서울특별시 영등포구 여의대로 108 ,영등포구,스타벅스
412,당산역사거리,서울특별시 영등포구 양평로 47 ,영등포구,스타벅스
413,신풍역,서울특별시 영등포구 신풍로 23 ,영등포구,스타벅스
414,선유도역,서울특별시 영등포구 양평로 115 ,영등포구,스타벅스
415,불광역,서울특별시 은평구 통일로 715 ,은평구,스타벅스
416,구파발사거리,서울특별시 은평구 진관3로 21 은평엘크루 101동 105-108호,은평구,스타벅스
417,연신내역사거리,서울특별시 은평구 통일로 842 ,은평구,스타벅스
418,연신내,서울특별시 은평구 통일로 867 ,은평구,스타벅스
419,구파발역,서울특별시 은평구 진관2로 12,은평구,스타벅스
420,은평구청입구,서울특별시 은평구 은평로 170 ,은평구,스타벅스
421,은평이마트,서울특별시 은평구 은평로 111 ,은평구,스타벅스
422,구산역,서울특별시 은평구 연서로 146 ,은평구,스타벅스
423,불광역8번출구,서울특별시 은평구 통일로 746 ,은평구,스타벅스
424,수색,서울특별시 은평구 수색로 216 ,은평구,스타벅스
425,새절역,서울특별시 은평구 증산로 371 ,은평구,스타벅스
426,더북한산,서울특별시 은평구 대서문길 24-11 ,은평구,스타벅스
427,녹번역,서울특별시 은평구 통일로 636 ,은평구,스타벅스
428,진관DT,서울특별시 은평구 연서로 645 ,은평구,스타벅스
429,연합뉴스,서울특별시 종로구 율곡로2길 25 ,종로구,스타벅스
430,혜화역,서울특별시 종로구 대학로12길 4 ,종로구,스타벅스
431,경희궁로,서울특별시 종로구 새문안로3길 15 ,종로구,스타벅스
432,강북삼성병원,서울특별시 종로구 새문안로 29 ,종로구,스타벅스
433,종로평창동,서울특별시 종로구 평창12길 3 ,종로구,스타벅스
434,광화문우체국,서울특별시 종로구 종로 6 ,종로구,스타벅스
435,종로R,서울특별시 종로구 종로 51 ,종로구,스타벅스
436,독립문역,서울특별시 종로구 송월길 155 경희궁자이 4단지 1층 팰리스애비뉴 4114~4119호,종로구,스타벅스
437,정부서울청사R,서울특별시 종로구 새문안로5가길 28 ,종로구,스타벅스
438,동묘앞역,서울특별시 종로구 종로 344 ,종로구,스타벅스
439,종로구청,서울특별시 종로구 삼봉로 71 ,종로구,스타벅스
440,북촌로,서울특별시 종로구 북촌로4길 23 ,종로구,스타벅스
441,종로수송,서울특별시 종로구 종로5길 30 ,종로구,스타벅스
442,새문안로,서울특별시 종로구 새문안로 92 ,종로구,스타벅스
443,안국,서울특별시 종로구 북촌로 5-1 ,종로구,스타벅스
444,삼청동,서울특별시 종로구 삼청로 111-1 ,종로구,스타벅스
445,광화문D타워,서울특별시 종로구 종로3길 17 ,종로구,스타벅스
446,적선,"서울특별시 종로구 새문안로5길 55, 노스게이트빌딩 1층 ",종로구,스타벅스
447,인사,서울특별시 종로구 인사동길 14 ,종로구,스타벅스
448,광화문,서울특별시 종로구 세종대로 167 ,종로구,스타벅스
449,성대입구,서울특별시 종로구 창경궁로 235 ,종로구,스타벅스
450,스페이스본,서울특별시 종로구 사직로8길 4 ,종로구,스타벅스
451,주얼리시티,서울특별시 종로구 종로 183 ,종로구,스타벅스
452,종각,서울특별시 종로구 종로 64 ,종로구,스타벅스
453,동숭로아트,서울특별시 종로구 동숭길 110 ,종로구,스타벅스
454,종로관철,"서울특별시 종로구 종로12길 21, 2층 ",종로구,스타벅스
455,경복궁역,"서울특별시 종로구 자하문로4길 6, 1층 ",종로구,스타벅스
456,이마빌딩,서울특별시 종로구 종로1길 42 ,종로구,스타벅스
457,마로니에공원,"서울특별시 종로구 대학로 116, 1-2층 ",종로구,스타벅스
458,종로3가,"서울특별시 종로구 종로 113-1, 1-4층 ",종로구,스타벅스
459,대학로,"서울특별시 종로구 대학로 57, 홍익대학교 대학로캠퍼스 內 ",종로구,스타벅스
460,경복궁사거리,"서울특별시 종로구 율곡로 6, B동 101호",종로구,스타벅스
461,종로관수,서울특별시 종로구 삼일대로20길 13 ,종로구,스타벅스
462,광화문교보문고,서울특별시 종로구 종로 1 ,종로구,스타벅스
463,정동,서울특별시 종로구 새문안로 42 ,종로구,스타벅스
464,종로플레이스,서울특별시 종로구 창경궁로 120 ,종로구,스타벅스
465,강북삼성병원1층,서울특별시 종로구 새문안로 29 ,종로구,스타벅스
466,동숭길입구,서울특별시 종로구 대학로 146 ,종로구,스타벅스
467,서울대치과병원,서울특별시 종로구 대학로 101 서울대학교 치과병원 신관1층,종로구,스타벅스
468,서대문역,서울특별시 종로구 통일로 134 ,종로구,스타벅스
469,숭례문북창,서울특별시 중구 세종대로12길 12 ,중구,스타벅스
470,을지로4가역,서울특별시 중구 을지로 170 ,중구,스타벅스
471,동대문두타,서울특별시 중구 장충단로 275 ,중구,스타벅스
472,대한상공회의소R,서울특별시 중구 세종대로 39 ,중구,스타벅스
473,국립중앙의료원,서울특별시 중구 을지로 251 ,중구,스타벅스
474,동국대,서울특별시 중구 서애로 1길 11,중구,스타벅스
475,신세계본점5F,서울특별시 중구 소공로 63 ,중구,스타벅스
476,을지로내외빌딩R,서울특별시 중구 을지로 51 ,중구,스타벅스
477,대우재단빌딩,서울특별시 중구 퇴계로 18 ,중구,스타벅스
478,동대문공원,서울특별시 중구 장충단로 229 ,중구,스타벅스
479,을지로국제빌딩,서울특별시 중구 남대문로 109 ,중구,스타벅스
480,동대입구역,서울특별시 중구 장충단로 166 ,중구,스타벅스
481,신당역사거리,서울특별시 중구 다산로 258 ,중구,스타벅스
482,연세세브란스,서울특별시 중구 통일로 10 ,중구,스타벅스
483,회현역,서울특별시 중구 퇴계로 72 ,중구,스타벅스
484,을지로경기빌딩,서울특별시 중구 남대문로10길 9 ,중구,스타벅스
485,을지로2가,서울특별시 중구 삼일대로 358 ,중구,스타벅스
486,신세계본점6F,서울특별시 중구 퇴계로 77 ,중구,스타벅스
487,서울중앙우체국,서울특별시 중구 소공로 70 ,중구,스타벅스
488,한국프레스센터,서울특별시 중구 세종대로 124 ,중구,스타벅스
489,명동중앙로,서울특별시 중구 명동길 60 ,중구,스타벅스
490,약수역,서울특별시 중구 다산로 129 ,중구,스타벅스
491,중구저동,서울특별시 중구 수표로 34 ,중구,스타벅스
492,명동길,서울특별시 중구 명동10길 41,중구,스타벅스
493,서소문로,서울특별시 중구 서소문로 120 ,중구,스타벅스
494,신당역,"서울특별시 중구 퇴계로 385, 1층 ",중구,스타벅스
495,명동메트로,서울특별시 중구 명동9가길 14 ,중구,스타벅스
496,숭례문,"서울특별시 중구 세종대로 17, 와이즈타워 1층 ",중구,스타벅스
497,순화동더샵,"서울특별시 중구 칠패로 27, 1층 ",중구,스타벅스
498,대한극장,서울특별시 중구 퇴계로 212 ,중구,스타벅스
499,환구단,서울특별시 중구 소공로 112 ,중구,스타벅스
500,무교동,서울특별시 중구 무교로 21 ,중구,스타벅스
501,문화일보,서울특별시 중구 새문안로 22 ,중구,스타벅스
502,태평로,"서울특별시 중구 세종대로 72, 대영빌딩 1층 ",중구,스타벅스
503,퍼시픽타워,"서울특별시 중구 세종대로9길 41, 퍼시픽타워 1층 ",중구,스타벅스
504,남산단암,"서울특별시 중구 소월로 10, 단암빌딩 ",중구,스타벅스
505,황학캐슬,서울특별시 중구 청계천로 400 ,중구,스타벅스
506,을지로삼화타워,서울특별시 중구 을지로5길 16 ,중구,스타벅스
507,소공로,"서울특별시 중구 남대문로7길 19, 삼영빌딩 1층 일부 ",중구,스타벅스
508,을지로한국빌딩,"서울특별시 중구 을지로 50, 1층 ",중구,스타벅스
509,시청,"서울특별시 중구 을지로 19, 삼성화재삼성빌딩 1층 ",중구,스타벅스
510,명동역,"서울특별시 중구 퇴계로 101, 건물 전체 ",중구,스타벅스
511,명동입구,서울특별시 중구 남대문로 68-1 ,중구,스타벅스
512,충무로,서울특별시 중구 충무로 3 ,중구,스타벅스
513,이마트타워,서울특별시 중구 세종대로7길 37 ,중구,스타벅스
514,동호로,서울특별시 중구 동호로 171 ,중구,스타벅스
515,무교로,서울특별시 중구 무교로 15 ,중구,스타벅스
516,청계크리스탈스퀘어,서울특별시 중구 청계천로 106 ,중구,스타벅스
517,숭례문SG타워,서울특별시 중구 세종대로 14 ,중구,스타벅스
518,세종대로,서울특별시 중구 세종대로 135-5 ,중구,스타벅스
519,동대문디자인플라자,서울특별시 중구 을지로 281 ,중구,스타벅스
520,별다방,서울특별시 중구 퇴계로 100 ,중구,스타벅스
521,포포인츠명동,서울특별시 중구 삼일대로10길 36 ,중구,스타벅스
522,명동남산,서울특별시 중구 퇴계로 132 ,중구,스타벅스
523,명일역,서울특별시 강동구 양재대로 1647 ,강동구,스타벅스
524,강동구청DT,서울특별시 강동구 성내로 32 ,강동구,스타벅스
525,강동암사DT,서울특별시 강동구 고덕로 43 ,강동구,스타벅스
526,굽은다리역,서울특별시 강동구 양재대로 1568 ,강동구,스타벅스
527,강동역,서울특별시 강동구 천호대로 1089 ,강동구,스타벅스
528,둔촌동,서울특별시 강동구 양재대로 1303 ,강동구,스타벅스
529,천호로데오,서울특별시 강동구 천호대로 1037 ,강동구,스타벅스
530,천호이마트,서울특별시 강동구 천호대로 1015-14 ,강동구,스타벅스
531,길동역,서울특별시 강동구 양재대로 1487 ,강동구,스타벅스
532,상일동,"서울특별시 강동구 상일로10길 36, 1~2층 ",강동구,스타벅스
533,천호역,"서울특별시 강동구 천호대로 1012, 태승빌딩 ",강동구,스타벅스
534,명일이마트,서울특별시 강동구 동남로75길 5 ,강동구,스타벅스
535,상일동역,서울특별시 강동구 고덕로 399 ,강동구,스타벅스
536,천호사거리,서울특별시 강동구 올림픽로 651 ,강동구,스타벅스
537,강일역,서울특별시 강동구 고덕로 429 ,강동구,스타벅스
538,올림픽공원북2문,서울특별시 강동구 강동대로 199 ,강동구,스타벅스
539,천호대로길동,서울특별시 강동구 천호대로 1131 거산 유팰리스,강동구,스타벅스
540,신도림,서울특별시 구로구 경인로 610 ,구로구,스타벅스
541,구로디지털타워,서울특별시 구로구 디지털로32길 30 ,구로구,스타벅스
542,오류동역,서울특별시 구로구 경인로 216 ,구로구,스타벅스
543,구로디지털로,"서울특별시 구로구 디지털로33길 11, 에이스테크노8차 1층 ",구로구,스타벅스
544,구로에이스,"서울특별시 구로구 디지털로 285, 에이스트윈타워1차 103호 ",구로구,스타벅스
545,구로하이엔드,"서울특별시 구로구 디지털로26길 5, 에이스하이엔드타워1차 103호 ",구로구,스타벅스
546,현대디큐브2F,서울특별시 구로구 경인로 662 ,구로구,스타벅스
547,구로호텔,"서울특별시 구로구 디지털로32길 72, 구로호텔 1층 ",구로구,스타벅스
548,현대디큐브B2,서울특별시 구로구 경인로 662 ,구로구,스타벅스
549,구로고척,서울특별시 구로구 경인로 387 ,구로구,스타벅스
550,구로NC,서울특별시 구로구 구로중앙로 152 ,구로구,스타벅스
551,구로오류DT,서울특별시 구로구 서해안로 2233 ,구로구,스타벅스
552,구로구청,서울특별시 구로구 가마산로 232 ,구로구,스타벅스
553,고척아이파크,서울특별시 구로구 경인로43길 49 ,구로구,스타벅스
554,답십리역,서울특별시 동대문구 천호대로 263 ,동대문구,스타벅스
555,경희대삼거리,서울특별시 동대문구 회기로 141 ,동대문구,스타벅스
556,외대정문,서울특별시 동대문구 이문로 93 ,동대문구,스타벅스
557,신설동역,서울특별시 동대문구 왕산로 19 ,동대문구,스타벅스
558,회기역사거리,서울특별시 동대문구 이문로 37 ,동대문구,스타벅스
559,외대,서울특별시 동대문구 휘경로 12-1 ,동대문구,스타벅스
560,장한평역,서울특별시 동대문구 장한로 10 ,동대문구,스타벅스
561,경희대,서울특별시 동대문구 경희대로 16-1 ,동대문구,스타벅스
562,청량리역롯데캐슬스카이,서울특별시 동대문구 답십리로 27 ,동대문구,스타벅스
563,경동1960,서울특별시 동대문구 고산자로36길 3 ,동대문구,스타벅스
564,청량리역사,서울특별시 동대문구 왕산로 214 ,동대문구,스타벅스
565,답십리초교사거리,서울특별시 동대문구 전농로 38 ,동대문구,스타벅스
566,장안사거리,서울특별시 동대문구 답십리로 267 ,동대문구,스타벅스
567,서울숲역,서울특별시 성동구 왕십리로 50 ,성동구,스타벅스
568,금호역,서울특별시 성동구 동호로 99 ,성동구,스타벅스
569,뚝섬역,서울특별시 성동구 아차산로 42 ,성동구,스타벅스
570,황학사거리,서울특별시 성동구 왕십리로 410 ,성동구,스타벅스
571,성수역,서울특별시 성동구 성수이로 94 ,성동구,스타벅스
572,상왕십리역,서울특별시 성동구 왕십리로 382 ,성동구,스타벅스
573,왕십리역,서울특별시 성동구 왕십리로 326 ,성동구,스타벅스
574,한양대,서울특별시 성동구 왕십리로 225 ,성동구,스타벅스
575,엔터식스,서울특별시 성동구 왕십리광장로 17 ,성동구,스타벅스
576,신금호역,서울특별시 성동구 금호로 158-1 ,성동구,스타벅스
577,왕십리역9번출구,서울특별시 성동구 고산자로 234 ,성동구,스타벅스
578,성수,서울특별시 성동구 아차산로 104 ,성동구,스타벅스
579,옥수,서울특별시 성동구 독서당로 202 ,성동구,스타벅스
580,성수낙낙,서울특별시 성동구 광나루로8길 31 ,성동구,스타벅스
581,효창공원앞역,서울특별시 용산구 백범로 313 ,용산구,스타벅스
582,서울역서부,서울특별시 용산구 만리재로 202 ,용산구,스타벅스
583,이태원역,서울특별시 용산구 이태원로 188 ,용산구,스타벅스
584,한강진역R,서울특별시 용산구 이태원로 252 ,용산구,스타벅스
585,용산역써밋R,서울특별시 용산구 한강대로 69 ,용산구,스타벅스
586,이촌,서울특별시 용산구 이촌로 276 ,용산구,스타벅스
587,신용산역,서울특별시 용산구 한강대로 95 ,용산구,스타벅스
588,용산파크타워,서울특별시 용산구 서빙고로 67 ,용산구,스타벅스
589,남영동,서울특별시 용산구 한강대로 275 ,용산구,스타벅스
590,한남동R,서울특별시 용산구 독서당로 94 ,용산구,스타벅스
591,서울타워,서울특별시 용산구 남산공원길 105 ,용산구,스타벅스
592,서울역동자동,서울특별시 용산구 한강대로 372 ,용산구,스타벅스
593,순천향입구,서울특별시 용산구 대사관로 67 ,용산구,스타벅스
594,숙대,서울특별시 용산구 청파로47길 57 ,용산구,스타벅스
595,동빙고,서울특별시 용산구 장문로 12 ,용산구,스타벅스
596,숙대입구역,서울특별시 용산구 한강대로 291 ,용산구,스타벅스
597,용산아이파크몰,서울특별시 용산구 한강대로23길 55,용산구,스타벅스
598,동부이촌동,서울특별시 용산구 이촌로 198 ,용산구,스타벅스
599,숙명여대정문,서울특별시 용산구 청파로47길 100  청파동2가) 프라임관B1F,용산구,스타벅스
600,용산해링턴스퀘어,서울특별시 용산구 서빙고로 17 ,용산구,스타벅스
601,경리단길,서울특별시 용산구 회나무로 3 ,용산구,스타벅스
602,서울역사,서울특별시 용산구 한강대로 405 ,용산구,스타벅스
603,용산리첸시아,서울특별시 용산구 백범로 341 ,용산구,스타벅스
604,용산전자랜드,서울특별시 용산구 청파로 74 ,용산구,스타벅스
605,상봉,서울특별시 중랑구 상봉로 131 ,중랑구,스타벅스
606,중랑역,서울특별시 중랑구 망우로30길 3 ,중랑구,스타벅스
607,중랑구청,서울특별시 중랑구 신내로 72,중랑구,스타벅스
608,사가정역,서울특별시 중랑구 면목로 310,중랑구,스타벅스
609,상봉역,서울특별시 중랑구 망우로 307 ,중랑구,스타벅스
610,묵동,서울특별시 중랑구 동일로 952 ,중랑구,스타벅스
611,양원역,서울특별시 중랑구 양원역로10길 3 ,중랑구,스타벅스
612,중화역,서울특별시 중랑구 봉화산로 35 1층,중랑구,스타벅스
613,금란망우점,서울 중랑구 망우로 460 ,중랑구,이디야
614,동원사거리점,서울 중랑구 겸재로 240 ,중랑구,이디야
615,망우동점,서울 중랑구 망우로 416 ,중랑구,이디야
616,망우중앙점,서울 중랑구 용마산로115길 109 ,중랑구,이디야
617,망우코레일점,서울 중랑구 망우로55길 11-10 ,중랑구,이디야
618,먹골역점,서울 중랑구 동일로157길 13 ,중랑구,이디야
619,면목경남아너스빌점,서울 중랑구 면목로27길 92 ,중랑구,이디야
620,면목늘찬병원점,서울 중랑구 동일로 643 ,중랑구,이디야
621,면목본동점,서울 중랑구 면목로 370 ,중랑구,이디야
622,면목역점,서울 중랑구 면목로 429 ,중랑구,이디야
623,묵동자이점,서울 중랑구 동일로 932 ,중랑구,이디야
624,봉화산역점,서울 중랑구 신내로 211 ,중랑구,이디야
625,사가정아이파크점,서울 중랑구 동일로92길 57 ,중랑구,이디야
626,사가정역점,서울 중랑구 면목로 325 ,중랑구,이디야
627,상봉엠코점,서울 중랑구 망우로 353 ,중랑구,이디야
628,상봉역점,서울 중랑구 망우로 277 ,중랑구,이디야
629,상봉중앙점,서울 중랑구 망우로 316 ,중랑구,이디야
630,서울상봉1동점,서울 중랑구 상봉중앙로 36 ,중랑구,이디야
631,서울중랑경찰서점,서울 중랑구 신내역로3길 40-11 ,중랑구,이디야
632,서울중화초등학교점,서울 중랑구 신내로7가길 7 ,중랑구,이디야
633,서일중앙점,서울 중랑구 용마산로 394 ,중랑구,이디야
634,신내동점,서울 중랑구 봉화산로 215 ,중랑구,이디야
635,양원남부점,서울 중랑구 양원역로 25-10 ,중랑구,이디야
636,양원역점,서울 중랑구 양원역로14가길 24 ,중랑구,이디야
637,용마산역점,서울 중랑구 면목로 254-1 ,중랑구,이디야
638,중랑교차로점,서울 중랑구 동일로 683 ,중랑구,이디야
639,중랑역점,서울 중랑구 망우로 198 ,중랑구,이디야
640,중화동점,서울 중랑구 동일로129길 1 ,중랑구,이디야
641,중화역점,"서울 중랑구 동일로 815, 1층",중랑구,이디야
642,화랑대역점,서울 중랑구 신내로25가길 2 ,중랑구,이디야
643,강남YMCA점,서울 강남구 논현동,강남구,이디야
644,강남구청역아이티웨딩점,서울 강남구 학동로 338 ,강남구,이디야
645,강남논현학동점,서울 강남구 논현로131길 28 ,강남구,이디야
646,강남대치점,서울 강남구 역삼로 415 ,강남구,이디야
647,강남도산점,서울 강남구 도산대로37길 20 ,강남구,이디야
648,강남세곡점,서울 강남구 헌릉로569길 9 ,강남구,이디야
649,강남율현점,서울 강남구 밤고개로21길 8 ,강남구,이디야
650,강남자곡점,서울 강남구 자곡로 180 ,강남구,이디야
651,개포동역점,서울 강남구 개포로82길 11 ,강남구,이디야
652,건설회관점,서울 강남구 언주로 711 ,강남구,이디야
653,대청역점,서울 강남구 개포로109길 34 ,강남구,이디야
654,대치역점,서울 강남구 남부순환로 2937 ,강남구,이디야
655,도곡2동점,서울 강남구 논현로 142 ,강남구,이디야
656,도산사거리점,서울 강남구 논현동 ,강남구,이디야
657,삼성대치점,서울 강남구 삼성로64길 32 ,강남구,이디야
658,삼성동점,서울 강남구 테헤란로88길 10 ,강남구,이디야
659,삼성중앙역점,서울 강남구 삼성로 608 ,강남구,이디야
660,삼성한전점,서울 강남구 테헤란로107길 11 ,강남구,이디야
661,선릉역점,서울 강남구 테헤란로 332 ,강남구,이디야
662,선릉점,서울 강남구 선릉로86길 15 ,강남구,이디야
663,선정릉역점,서울 강남구 봉은사로 326 ,강남구,이디야
664,수서역점,서울 강남구 광평로 280 ,강남구,이디야
665,신사역점,서울 강남구 압구정로2길 62 ,강남구,이디야
666,신사점,서울 강남구 도산대로 118 ,강남구,이디야
667,압구정로데오역점,서울 강남구 선릉로161길 20 ,강남구,이디야
668,압구정점,서울 강남구 신사동,강남구,이디야
669,압구정현대점 ,서울 강남구 압구정로 214 ,강남구,이디야
670,역삼더블루점,서울 강남구 논현로63길 16 ,강남구,이디야
671,역삼역점,서울 강남구 테헤란로25길 17 ,강남구,이디야
672,역삼월드점,서울 강남구 역삼로52길 14 ,강남구,이디야
673,역삼점,서울 강남구 논현로72길 13 ,강남구,이디야
674,역삼중앙점,서울 강남구 언주로81길 8 ,강남구,이디야
675,역삼초교점,서울 강남구 강남대로 314 ,강남구,이디야
676,역삼충현점,서울 강남구 논현로98길 7 ,강남구,이디야
677,역삼플래티넘점,서울 강남구 테헤란로4길 46 ,강남구,이디야
678,을지병원사거리점,서울 강남구 도산대로30길 7 ,강남구,이디야
679,이디야커피랩,서울 강남구 논현로 636 ,강남구,이디야
680,일원동점,서울 강남구 양재대로27길 20 ,강남구,이디야
681,청담사거리점,서울 강남구 도산대로 521 ,강남구,이디야
682,청담역점,서울 강남구 삼성로 721 ,강남구,이디야
683,포이사거리점,서울 강남구 개포로 218 ,강남구,이디야
684,학동역점,서울 강남구 학동로 219 ,강남구,이디야
685,학동제마점,서울 강남구 학동로34길 22 ,강남구,이디야
686,한티역점,서울 강남구 도곡로69길 8 ,강남구,이디야
687,4.19사거리점,서울 강북구 삼양로 501 ,강북구,이디야
688,가오리역점,서울 강북구 삼각산로 108 ,강북구,이디야
689,강북경찰서점,서울 강북구 오패산로 403 ,강북구,이디야
690,미아꿈의숲해링턴점,서울 강북구 오현로 45 ,강북구,이디야
691,미아삼거리역점,서울 강북구 도봉로10길 28 ,강북구,이디야
692,미아삼거리점,서울 강북구 도봉로 45 ,강북구,이디야
693,미아송천점,서울 강북구 삼양로 118 ,강북구,이디야
694,미아역점,서울 강북구 도봉로 207 -3,강북구,이디야
695,미아중앙점,서울 강북구 도봉로 128 ,강북구,이디야
696,번동점,서울 강북구 오현로 194 ,강북구,이디야
697,북한산점,서울 강북구 4.19로 85 ,강북구,이디야
698,삼각산점,서울 강북구 솔샘로40길 3 ,강북구,이디야
699,삼양사거리점,서울 강북구 솔샘로 254 ,강북구,이디야
700,삼양시장점,서울 강북구 삼양로 234 ,강북구,이디야
701,수유1동점,서울 강북구 삼양로 293 ,강북구,이디야
702,수유사거리점,서울 강북구 덕릉로 82 ,강북구,이디야
703,수유역점,서울 강북구 도봉로 355 ,강북구,이디야
704,우이역도선사점,서울 강북구 삼양로173길 21 ,강북구,이디야
705,한신대점,서울 강북구 덕릉로 31 ,강북구,이디야
706,가양역점,서울 강서구 양천로 500 ,강서구,이디야
707,강서nc점,서울 강서구 강서로54길 11 ,강서구,이디야
708,강서가양동점 ,서울 강서구 강서로 511 ,강서구,이디야
709,강서교차로점,"서울 강서구 공항대로 437  등촌동, 주신기업",강서구,이디야
710,강서구청점,서울 강서구 화곡로 292 ,강서구,이디야
711,강서한강자이점,서울 강서구 양천로 401 ,강서구,이디야
712,개화산역점,서울 강서구 양천로 28 ,강서구,이디야
713,개화산점,서울 강서구 양천로 28 ,강서구,이디야
714,곰달래사거리점,서울 강서구 곰달래로 52 ,강서구,이디야
715,공항시장역점,서울 강서구 방화동로 37 ,강서구,이디야
716,까치산로점,서울 강서구 까치산로 182 ,강서구,이디야
717,까치산역점,서울 강서구 강서로17길 6 ,강서구,이디야
718,내발산점,서울 강서구 강서로 304 ,강서구,이디야
719,등촌3동점,서울 강서구 공항대로41길 34 ,강서구,이디야
720,등촌동점,서울 강서구 공항대로61길 20 ,강서구,이디야
721,등촌역점,서울 강서구 등촌로 217 ,강서구,이디야
722,등촌중앙점,서울 강서구 등촌로 67 ,강서구,이디야
723,렘넌트문화센터점,서울 강서구 화곡로63길 65 ,강서구,이디야
724,마곡대방디엠씨티점,서울 강서구 양천로 344 ,강서구,이디야
725,마곡수명산점,서울 강서구 수명로 68-27 ,강서구,이디야
726,마곡엠밸리점,서울 강서구 마곡서로 101 ,강서구,이디야
727,마곡역점,서울 강서구 공항대로 195 ,강서구,이디야
728,마곡중앙점,서울 강서구 마곡중앙6로 66 ,강서구,이디야
729,마곡퀸즈파크9점,서울 강서구 공항대로 247 ,강서구,이디야
730,마곡파인스퀘어점,서울 강서구 마곡중앙4로 22 ,강서구,이디야
731,마곡헤리움점,서울 강서구 마곡중앙5로1길 25 ,강서구,이디야
732,발산역점,서울 강서구 공항대로 280 ,강서구,이디야
733,방화동로점,서울 강서구 방화동로 95 ,강서구,이디야
734,방화사거리점,서울 강서구 양천로 72 ,강서구,이디야
735,방화역점,서울 강서구 금낭화로 146 ,강서구,이디야
736,송정역점,서울 강서구 공항대로 24 ,강서구,이디야
737,신방화역점,서울 강서구 마곡중앙5로 81 ,강서구,이디야
738,신방화중앙점,서울 강서구 방화대로34길 92 ,강서구,이디야
739,양천향교역점,서울 강서구 강서로 462 ,강서구,이디야
740,염창동점,서울 강서구 양천로 689 ,강서구,이디야
741,염창블루나인점,서울 강서구 양천로 583 ,강서구,이디야
742,우장산동점,서울 강서구 우현로 15 ,강서구,이디야
743,우장산역점,서울 강서구 강서로45길 5 ,강서구,이디야
744,화곡남부시장점,서울 강서구 등촌로5길 80 ,강서구,이디야
745,화곡로점,서울 강서구 화곡로 133 ,강서구,이디야
746,화곡본동시장점,서울 강서구 까치산로4길 11 ,강서구,이디야
747,화곡사거리점,서울 강서구 곰달래로 135 ,강서구,이디야
748,화곡중앙시장점,서울 강서구 가로공원로76길 61 ,강서구,이디야
749,화곡중앙점 ,서울 강서구 까치산로 79 ,강서구,이디야
750,관악우성점,서울 관악구 관악로 232 ,관악구,이디야
751,관악하나로마트점,서울 관악구 남부순환로 1369 ,관악구,이디야
752,낙성대역점,서울 관악구 남부순환로 1915 ,관악구,이디야
753,난곡사거리점,서울 관악구 남부순환로 1444 ,관악구,이디야
754,난향동점,서울 관악구 난곡로 60 ,관악구,이디야
755,남현홈플러스점,서울 관악구 과천대로 909 ,관악구,이디야
756,녹두거리점,서울 관악구 신림로 91 ,관악구,이디야
757,당곡사거리점,서울 관악구 봉천로 245 ,관악구,이디야
758,보라매중앙점,서울 관악구 보라매로 62 ,관악구,이디야
759,봉일시장점,서울 관악구 은천로 23 ,관악구,이디야
760,봉천역점,서울 관악구 남부순환로 1725 ,관악구,이디야
761,봉천중앙점,서울 관악구 남부순환로 1874 ,관악구,이디야
762,봉천현대시장점,서울 관악구 양녕로 39-1 ,관악구,이디야
763,서울대중앙점,서울 관악구 남부순환로216길 2 ,관악구,이디야
764,신대방역점,서울 관악구 난곡로 368 ,관악구,이디야
765,신림난곡점,서울 관악구 난곡로 197 ,관악구,이디야
766,신림남부초교점,서울 관악구 남부순환로 1541-1 ,관악구,이디야
767,신림대학동점,서울 관악구 호암로26길 17 ,관악구,이디야
768,신림문화교점,서울 관악구 신림로46길 1 ,관악구,이디야
769,신림문화교점,서울 관악구 신림로 262-1 ,관악구,이디야
770,신림미성점,서울 관악구 난곡로 250 ,관악구,이디야
771,신림신원점,서울 관악구 신원로 16 ,관악구,이디야
772,신림신화교점,서울 관악구 신림로 199 ,관악구,이디야
773,신림역점,서울 관악구 신림로 312 ,관악구,이디야
774,신림중앙점,서울 관악구 관천로 52 ,관악구,이디야
775,신림패션문화점,서울 관악구 봉천로6길 24 ,관악구,이디야
776,인헌점,서울 관악구 인헌길 17 ,관악구,이디야
777,청룡중앙점,서울 관악구 쑥고개로 80 ,관악구,이디야
778,건대로데오점,서울 광진구 아차산로30길 8 ,광진구,이디야
779,건대스타시티2호점,서울 광진구 능동로 92 ,광진구,이디야
780,건대스타시티점,서울 광진구 아차산로 272 ,광진구,이디야
781,건대역점,서울 광진구 아차산로 229 ,광진구,이디야
782,광진구청점,서울 광진구 자양로 136 ,광진구,이디야
783,구의동점,서울 광진구 아차산로 481 ,광진구,이디야
784,구의사거리점,서울 광진구 광나루로 508 ,광진구,이디야
785,구의역점,서울 광진구 구의로 4 ,광진구,이디야
786,구의자양로점,서울 광진구 자양로 251 ,광진구,이디야
787,군자역점,서울 광진구 능동로 290 ,광진구,이디야
788,동서울터미널점,서울 광진구 구의동 ,광진구,이디야
789,뚝섬유원지역점,서울 광진구 능동로 21 ,광진구,이디야
790,세종대후문점,서울 광진구 군자로 109 ,광진구,이디야
791,아차산역점,서울 광진구 천호대로 663 ,광진구,이디야
792,어린이대공원역점,서울 광진구 광나루로 380 ,광진구,이디야
793,자양동점,서울 광진구 자양로 46 ,광진구,이디야
794,자양우성점,서울 광진구 자양번영로 34 ,광진구,이디야
795,중곡대원점,서울 광진구 용마산로 111 ,광진구,이디야
796,중곡신성점,서울 광진구 용마산로 37 ,광진구,이디야
797,중곡역점,서울 광진구 능동로 407 ,광진구,이디야
798,중곡중앙점,서울 광진구 능동로 330 ,광진구,이디야
799,가산SKV1점,서울 금천구 가산디지털1로 171 ,금천구,이디야
800,가산그레이트점,서울 금천구 디지털로9길 32 ,금천구,이디야
801,가산대륭19차점,서울 금천구 가산디지털2로 70 ,금천구,이디야
802,가산두산위브점,서울 금천구 가산로 111 ,금천구,이디야
803,가산리더스타워점,서울 금천구 벚꽃로 286 ,금천구,이디야
804,가산벽산점,서울 금천구 벚꽃로 244 ,금천구,이디야
805,가산오거리점,서울 금천구 가산로 155 ,금천구,이디야
806,가산월드점,서울 금천구 가산디지털2로 123 ,금천구,이디야
807,가산하이엔드10차점,서울 금천구 가산디지털1로 30 ,금천구,이디야
808,금천롯데마트점,서울 금천구 시흥대로 291 ,금천구,이디야
809,독산동쌈지공원점,서울 금천구 독산로 276 ,금천구,이디야
810,독산동점,서울 금천구 독산로 218 ,금천구,이디야
811,박미삼거리점,서울 금천구 시흥대로 150 ,금천구,이디야
812,석수푸르지오점,서울 금천구 삼성산길 11 ,금천구,이디야
813,세광교회점,서울 금천구 독산로 124 ,금천구,이디야
814,시흥동점,서울 금천구 시흥동,금천구,이디야
815,시흥사거리점,서울 금천구 시흥대로63길 8 ,금천구,이디야
816,시흥유통센터점,서울 금천구 시흥대로 88 ,금천구,이디야
817,시흥중앙점,서울 금천구 금하로 748 ,금천구,이디야
818,에이스가산포휴점,"서울 금천구 가산디지털1로 225  가산동, 에이스 가산 포휴",금천구,이디야
819,은행나무사거리점,서울 금천구 금하로 690 ,금천구,이디야
820,공릉역점,서울 노원구 동일로192길 5 ,노원구,이디야
821,공릉중앙점,서울 노원구 공릉로 146 ,노원구,이디야
822,광운대점,서울 노원구 광운로 29 ,노원구,이디야
823,노원KT점,서울 노원구 노해로 494 ,노원구,이디야
824,노원사거리점,서울 노원구 동일로 1393 ,노원구,이디야
825,노원역2호점,서울 노원구 상계로 64 ,노원구,이디야
826,노원중앙점,서울 노원구 노원로 452 ,노원구,이디야
827,당고개역점,서울 노원구 상계로 313 ,노원구,이디야
828,마들역점,서울 노원구 동일로 1541 ,노원구,이디야
829,상계동점,서울 노원구 한글비석로52길 8 ,노원구,이디야
830,상계역사거리점,서울 노원구 한글비석로 409 ,노원구,이디야
831,상계역점,서울 노원구 덕릉로 698 ,노원구,이디야
832,상계중앙점,서울 노원구 동일로 1650 ,노원구,이디야
833,서울과학기술대점,서울 노원구 공릉로 208 ,노원구,이디야
834,서울여대점,서울 노원구 노원로 3 ,노원구,이디야
835,석계역점,서울 노원구 석계로3길 3 ,노원구,이디야
836,세이브존노원점,서울 노원구 한글비석로 57 ,노원구,이디야
837,수락산역점,서울 노원구 동일로 1689 ,노원구,이디야
838,원자력병원점,서울 노원구 공릉로46길 6 ,노원구,이디야
839,월계이마트점,서울 노원구 마들로3길 15 ,노원구,이디야
840,월계인덕점,서울 노원구 광운로22길 39 ,노원구,이디야
841,월계초교점,서울 노원구 월계동 ,노원구,이디야
842,은행사거리점,서울 노원구 중계로 201 ,노원구,이디야
843,중계롯데우성점,서울 노원구 노원로22길 70 ,노원구,이디야
844,중계본동점,서울 노원구 중계로14바길 2 ,노원구,이디야
845,중계브라운스톤점,서울 노원구 동일로203가길 29 ,노원구,이디야
846,중계점,서울 노원구 동일로204가길 34 ,노원구,이디야
847,중계중앙점,서울 노원구 덕릉로73길 18 ,노원구,이디야
848,태릉입구역점,서울 노원구 공릉로 105 ,노원구,이디야
849,하계온천점,서울 노원구 노원로 257 ,노원구,이디야
850,하계을지점,서울 노원구 공릉로 326 ,노원구,이디야
851,덕성여대점,서울 도봉구 삼양로 542 ,도봉구,이디야
852,도봉구청점,서울 도봉구 도봉로150길 43 ,도봉구,이디야
853,도봉보건소사거리점,서울 도봉구 해등로 157 ,도봉구,이디야
854,도봉산점,서울 도봉구 도봉산길 18 ,도봉구,이디야
855,도봉역점,서울 도봉구 도봉로 823 ,도봉구,이디야
856,도봉중앙점,서울 도봉구 도봉로181길 18 ,도봉구,이디야
857,방학사거리점,서울 도봉구 도봉로 677 ,도봉구,이디야
858,방학역점,서울 도봉구 도봉로153길 15 ,도봉구,이디야
859,방학점,서울 도봉구 방학로 171 ,도봉구,이디야
860,방학중앙점,서울 도봉구 도당로13길 22 ,도봉구,이디야
861,선덕고사거리점,서울 도봉구 해등로 255 ,도봉구,이디야
862,솔밭공원역점,서울 도봉구 삼양로 594 ,도봉구,이디야
863,신창점,서울 도봉구 덕릉로 235 ,도봉구,이디야
864,쌍문동점,서울 도봉구 노해로 162 ,도봉구,이디야
865,쌍문역점,서울 도봉구 도봉로117길 4 ,도봉구,이디야
866,쌍문중앙점,서울 도봉구 도봉로 519 ,도봉구,이디야
867,창동대우점,서울 도봉구 덕릉로63가길 30 ,도봉구,이디야
868,창동블루핀점,서울 도봉구 마들로 550 ,도봉구,이디야
869,창동역점,서울 도봉구 마들로11길 65 ,도봉구,이디야
870,창동제일점,서울 도봉구 노해로70길 81 ,도봉구,이디야
871,창동중앙점,서울 도봉구 노해로63길 78 ,도봉구,이디야
872,창동하나로마트점,서울 도봉구 마들로11길 20 ,도봉구,이디야
873,창동학원가점,서울 도봉구 해등로16길 61 ,도봉구,이디야
874,창동현대타운점,서울 도봉구 도봉로114길 22 ,도봉구,이디야
875,남성역점,서울 동작구 사당로17가길 13 ,동작구,이디야
876,노들점,서울 동작구 노량진로 200 ,동작구,이디야
877,노량진CTS점,서울 동작구 노량진로 110 ,동작구,이디야
878,노량진드림스퀘어점,서울 동작구 노들로2길 7 ,동작구,이디야
879,노량진역사점,서울 동작구 노량진로 지하 130 ,동작구,이디야
880,대림성모점,서울 동작구 시흥대로 658 ,동작구,이디야
881,대방역점,서울 동작구 노량진로 24 ,동작구,이디야
882,보라매공원점,서울 동작구 여의대방로 90 ,동작구,이디야
883,보라매점,서울 동작구 보라매로5가길 16 ,동작구,이디야
884,사당역점,서울 동작구 동작대로7길 100 ,동작구,이디야
885,사당점,서울 동작구 동작대로 45 ,동작구,이디야
886,상도역점,서울 동작구 상도로 277 ,동작구,이디야
887,상도중앙점,서울 동작구 만양로 17 ,동작구,이디야
888,상도파크엘점,서울 동작구 양녕로 220 ,동작구,이디야
889,숭실대점,서울 동작구 사당로 2 ,동작구,이디야
890,신대방삼거리점,서울 동작구 상도로 78 ,동작구,이디야
891,신상도초교점,서울 동작구 양녕로 183 ,동작구,이디야
892,이수중앙점,서울 동작구 사당로 285 ,동작구,이디야
893,중앙대점,서울 동작구 흑석로 79 ,동작구,이디야
894,중앙대후문점,서울 동작구 흑석로 20 ,동작구,이디야
895,총신대입구역점,서울 동작구 동작대로 119-1 ,동작구,이디야
896,총신대점,서울 동작구 사당로16가길 96 ,동작구,이디야
897,해군회관점,서울 동작구 여의대방로 194 ,동작구,이디야
898,흑석역점,서울 동작구 현충로 100-1 ,동작구,이디야
899,공덕롯데캐슬점,서울 마포구 마포대로 109 ,마포구,이디야
900,공덕점,서울 마포구 마포대로8길 15 ,마포구,이디야
901,광흥창역점,서울 마포구 창전로 45 ,마포구,이디야
902,대흥역점,서울 마포구 백범로 100 ,마포구,이디야
903,동교중앙점,서울 마포구 동교로27길 8 ,마포구,이디야
904,마포공덕역점,서울 마포구 새창로 6 ,마포구,이디야
905,마포구청점,서울 마포구 월드컵로 196 ,마포구,이디야
906,마포데시앙점,서울 마포구 독막로 320 ,마포구,이디야
907,마포성산시영점,서울 마포구 월드컵북로 210 ,마포구,이디야
908,마포점,서울 마포구 도화길 10 ,마포구,이디야
909,망리단길점,서울 마포구 포은로 81-1 ,마포구,이디야
910,망원역점,서울 마포구 월드컵로 82-1 ,마포구,이디야
911,망원중앙점,서울 마포구 월드컵로 147 ,마포구,이디야
912,상수역점,서울 마포구 와우산로 41-1 ,마포구,이디야
913,상암DMC점,서울 마포구 월드컵북로 396 ,마포구,이디야
914,상암KBS점,서울 마포구 월드컵북로 375 ,마포구,이디야
915,상암우리기술점,서울 마포구 월드컵북로56길 9 ,마포구,이디야
916,상암한샘점,서울 마포구 성암로13길 58 ,마포구,이디야
917,상암홈플러스점,서울 마포구 월드컵로 240 ,마포구,이디야
918,서강대점,서울 마포구 백범로 34 ,마포구,이디야
919,서교동점,서울 마포구 와우산로29길 70 ,마포구,이디야
920,성산점,서울 마포구 월드컵북로 137 ,마포구,이디야
921,성산중앙점,서울 마포구 성미산로 78 ,마포구,이디야
922,신촌그랑자이점,서울 마포구 대흥로 183 ,마포구,이디야
923,신촌로터리점,서울 마포구 서강로 135 ,마포구,이디야
924,신촌숲아이파크점,서울 마포구 광성로 17 ,마포구,이디야
925,신촌하나로마트점,서울 마포구 신촌로 66 ,마포구,이디야
926,애오개역점,서울 마포구 마포대로 208 ,마포구,이디야
927,오벨리스크점,서울 마포구 마포대로 33 ,마포구,이디야
928,한강공원로점 ,서울 마포구 망원로 21 ,마포구,이디야
929,합정LIG점,서울 마포구 양화로1길 21 ,마포구,이디야
930,합정동점,서울 마포구 양화로6길 90 ,마포구,이디야
931,합정역사거리점,서울 마포구 독막로2길 5 ,마포구,이디야
932,합정역점,서울 마포구 양화로11길 54 ,마포구,이디야
933,합정홈플러스점,서울 마포구 양화로 45 ,마포구,이디야
934,홍대청기와점,서울 마포구 월드컵북로 7 ,마포구,이디야
935,홍대학원가점,서울 마포구 와우산로 148 ,마포구,이디야
936,홍익대점,서울 마포구 홍익로 10 ,마포구,이디야
937,가재울점,서울 서대문구 수색로 100 ,서대문구,이디야
938,가재울중앙점,서울 서대문구 가재울미래로 2 ,서대문구,이디야
939,독립문통일로점,서울 서대문구 영천동 ,서대문구,이디야
940,동교동점,서울 서대문구 신촌로 5 ,서대문구,이디야
941,명지대점,서울 서대문구 거북골로 35 ,서대문구,이디야
942,명지전문대점,서울 서대문구 가좌로 140 ,서대문구,이디야
943,무악재역점,서울 서대문구 홍제동 ,서대문구,이디야
944,북가좌동점,서울 서대문구 증가로 257 ,서대문구,이디야
945,서대문구청점,서울 서대문구 연희로 237 ,서대문구,이디야
946,서대문점,서울 서대문구 냉천동,서대문구,이디야
947,신촌기차역점,서울 서대문구 신촌역로 35 ,서대문구,이디야
948,신촌역점,서울 서대문구 신촌로 87-20 ,서대문구,이디야
949,아현역점,서울 서대문구 신촌로37길 10 ,서대문구,이디야
950,연남동점,서울 서대문구 연희로 42 ,서대문구,이디야
951,연대서문점,서울 서대문구 연희로10길 86 ,서대문구,이디야
952,연세대점,서울 서대문구 연세로12길 10 ,서대문구,이디야
953,연세의료원ABMRC점,서울 서대문구 연세로 50-1 ,서대문구,이디야
954,연세의료원제중관점,서울 서대문구 연세로 50-1 ,서대문구,이디야
955,연희삼거리점,서울 서대문구 연희로 117 ,서대문구,이디야
956,연희홍연길점,서울 서대문구 홍제천로 146-9 ,서대문구,이디야
957,이화여대점,서울 서대문구 이화여대길 26 ,서대문구,이디야
958,충정로3가점,서울 서대문구 경기대로 26-26 ,서대문구,이디야
959,홍은사거리점,서울 서대문구 통일로 510 ,서대문구,이디야
960,홍제역점,서울 서대문구 홍제동,서대문구,이디야
961,강남센트럴시티점,서울 서초구 신반포로 176 ,서초구,이디야
962,교대역점,서울 서초구 서초대로56길 22 ,서초구,이디야
963,교육개발원사거리점,서울 서초구 바우뫼로 180 ,서초구,이디야
964,국립국악원점,서울 서초구 남부순환로 2364 ,서초구,이디야
965,국립중앙도서관디지털관점,서울 서초구 반포대로 201 ,서초구,이디야
966,국립중앙도서관본관점,서울 서초구 반포대로 201 ,서초구,이디야
967,남부터미널점,서울 서초구 서초동 ,서초구,이디야
968,내방역점,서울 서초구 서초대로 108 ,서초구,이디야
969,반포지하상가점,서울 서초구 신반포로 지하 200 ,서초구,이디야
970,방배백석점,서울 서초구 방배로 42 ,서초구,이디야
971,방배역점,서울 서초구 방배로 87 ,서초구,이디야
972,방배중앙점,서울 서초구 동광로 1 ,서초구,이디야
973,서울고교점,서울 서초구 서초동 ,서초구,이디야
974,서울고속버스터미널점,서울 서초구 신반포로 194 ,서초구,이디야
975,서울교대점,서울 서초구 서초동 ,서초구,이디야
976,서초법조타운점,서울 서초구 서초중앙로24길 7 ,서초구,이디야
977,서초역점,서울 서초구 서초동 ,서초구,이디야
978,서초우면중앙점,서울 서초구 양재대로2길 100-11 ,서초구,이디야
979,서초점,서울 서초구 서초대로48길 16 ,서초구,이디야
980,신논현역점 ,서울 서초구 강남대로79길 10 ,서초구,이디야
981,신사멀버리힐스점,서울 서초구 강남대로 589 ,서초구,이디야
982,양재언남점,서울 서초구 동산로 60 ,서초구,이디야
983,양재점,서울 서초구 남부순환로347길 38 ,서초구,이디야
984,양재중앙점,서울 서초구 강남대로 221 ,서초구,이디야
985,양재하나로마트점,서울 서초구 청계산로 10 ,서초구,이디야
986,예술의전당점,서울 서초구 반포대로 32 ,서초구,이디야
987,우면동점,서울 서초구 바우뫼로 20 ,서초구,이디야
988,잠원논현점,서울 서초구 신반포로 333 ,서초구,이디야
989,청계산입구역점,서울 서초구 신원동,서초구,이디야
990,포이점,서울 서초구 마방로10길 42 ,서초구,이디야
991,함지박사거리점,서울 서초구 방배로 234 우신빌딩,서초구,이디야
992,고대개운점,서울 성북구 개운사길 30 ,성북구,이디야
993,고대점,서울 성북구 고려대로24길 35 ,성북구,이디야
994,국민대점,서울 성북구 정릉로9라길 8 ,성북구,이디야
995,길음뉴타운점,서울 성북구 길음로 74 ,성북구,이디야
996,길음중앙점,서울 성북구 도봉로 11 ,성북구,이디야
997,돈암동점,서울 성북구 동소문로 119 ,성북구,이디야
998,돈암아리랑점,서울 성북구 아리랑로 75 ,성북구,이디야
999,돌곶이역점,서울 성북구 돌곶이로22길 3 ,성북구,이디야
1000,동덕여대점,서울 성북구 화랑로 99 ,성북구,이디야
1001,동소문동점,서울 성북구 동소문로13길 5 ,성북구,이디야
1002,보문역점,서울 성북구 보문로 111 ,성북구,이디야
1003,석계중앙점,서울 성북구 화랑로40길 61 ,성북구,이디야
1004,석관동점,서울 성북구 돌곶이로8길 22 ,성북구,이디야
1005,성신여대역점,서울 성북구 동소문로17길 40 ,성북구,이디야
1006,성신여대점,서울 성북구 보문로34길 100 ,성북구,이디야
1007,안암래미안점,서울 성북구 보문로30가길 42 ,성북구,이디야
1008,월곡1동점,서울 성북구 오패산로 99 ,성북구,이디야
1009,월곡동아점,서울 성북구 장월로1길 47 ,성북구,이디야
1010,월곡중앙점,서울 성북구 종암로 167 ,성북구,이디야
1011,장위2동점,서울 성북구 화랑로25길 14 ,성북구,이디야
1012,장위뉴타운점,서울 성북구 장월로 144-1 ,성북구,이디야
1013,장위동점,서울 성북구 월계로40길 7 ,성북구,이디야
1014,장위북서울꿈의숲점,서울 성북구 돌곶이로41가길 2 ,성북구,이디야
1015,장위중앙점,서울 성북구 장위로 35 ,성북구,이디야
1016,정릉뉴타운점,서울 성북구 정릉로 307 ,성북구,이디야
1017,정릉아리랑점,서울 성북구 북악산로 851 ,성북구,이디야
1018,정릉점,서울 성북구 보국문로 77 ,성북구,이디야
1019,정릉중앙점,서울 성북구 정릉로 251 ,성북구,이디야
1020,종암동점,서울 성북구 종암로 105 ,성북구,이디야
1021,하월곡동점,서울 성북구 오패산로 16 ,성북구,이디야
1022,한성대역점,서울 성북구 동소문로 19 ,성북구,이디야
1023,한성대점,서울 성북구 삼선교로 10 ,성북구,이디야
1024,가든파이브점,서울 송파구 충민로 10 ,송파구,이디야
1025,가든파이브테크노관점,서울 송파구 충민로 66 ,송파구,이디야
1026,가락몰점,서울 송파구 양재대로 932 ,송파구,이디야
1027,가락중앙점,서울 송파구 송이로 87 ,송파구,이디야
1028,개롱역점,서울 송파구 오금로 407 ,송파구,이디야
1029,거여점,서울 송파구 오금로 497 ,송파구,이디야
1030,마천사거리점,서울 송파구 마천로 264 ,송파구,이디야
1031,문정KDU타워점,서울 송파구 정의로 70 ,송파구,이디야
1032,문정문현점,서울 송파구 새말로8길 30 ,송파구,이디야
1033,방이미성점,서울 송파구 오금로 251 ,송파구,이디야
1034,방이역점,서울 송파구 위례성대로18길 32 ,송파구,이디야
1035,방이초교점,서울 송파구 가락로 280 ,송파구,이디야
1036,삼전역점,서울 송파구 백제고분로 263 ,송파구,이디야
1037,삼전중앙점,서울 송파구 백제고분로27길 5 ,송파구,이디야
1038,서울삼성내과점,서울 송파구 백제고분로 126 ,송파구,이디야
1039,석촌백제점,서울 송파구 백제고분로39길 15 ,송파구,이디야
1040,석촌사거리점,서울 송파구 송파대로 409 ,송파구,이디야
1041,석촌역점,서울 송파구 송파대로 456 ,송파구,이디야
1042,송파동점,서울 송파구 백제고분로41길 5 ,송파구,이디야
1043,송파문정점,서울 송파구 송이로 159 ,송파구,이디야
1044,송파올림픽훼미리타운점,서울 송파구 중대로 24 ,송파구,이디야
1045,송파위례점,서울 송파구 위례광장로 188 ,송파구,이디야
1046,송파잠실점,서울 송파구 삼전로 95 ,송파구,이디야
1047,송파파인타운점,서울 송파구 충민로2길 28 ,송파구,이디야
1048,송파풍납점,서울 송파구 강동대로9길 17-1 ,송파구,이디야
1049,송파하비오점,서울 송파구 송파대로 111 ,송파구,이디야
1050,송파한양점,서울 송파구 가락로 165 ,송파구,이디야
1051,오금점,서울 송파구 오금로 306 ,송파구,이디야
1052,오금중앙점 ,서울 송파구 위례성대로22길 18 ,송파구,이디야
1053,올림픽공원점,서울 송파구 올림픽로 354 ,송파구,이디야
1054,올림픽프라자점,서울 송파구 양재대로 1222 ,송파구,이디야
1055,위례포레샤인점,서울 송파구 위례순환로 477 ,송파구,이디야
1056,잠실나루역점,서울 송파구 올림픽로35길 104 ,송파구,이디야
1057,잠실본동점,서울 송파구 백제고분로 172 ,송파구,이디야
1058,잠실역점,서울 송파구 송파대로 567 ,송파구,이디야
1059,종합운동장역점,서울 송파구 올림픽로 76 ,송파구,이디야
1060,CBS본사점,서울 양천구 목동서로 159-1 ,양천구,이디야
1061,강서초교점,서울 양천구 오목로 48 ,양천구,이디야
1062,남부지방법원점,서울 양천구 은행정로4길 25 ,양천구,이디야
1063,목3동점,서울 양천구 목동중앙북로 38 ,양천구,이디야
1064,목4동점,서울 양천구 목동중앙본로7길 46 ,양천구,이디야
1065,목동남부점,서울 양천구 목동남로 46 ,양천구,이디야
1066,목동등촌로점,서울 양천구 등촌로 180 ,양천구,이디야
1067,목동로데오점,서울 양천구 목동로 219 ,양천구,이디야
1068,목동센트럴아이파크위브점,서울 양천구 남부순환로 603 ,양천구,이디야
1069,목동신목점,서울 양천구 목동중앙로 85 ,양천구,이디야
1070,목동신트리점,서울 양천구 신정로 312 ,양천구,이디야
1071,목동아델리체점,서울 양천구 중앙로43길 14 ,양천구,이디야
1072,목동역점,서울 양천구 오목로 227 ,양천구,이디야
1073,목동중앙점,서울 양천구 목동서로 287 ,양천구,이디야
1074,목동파라곤점,서울 양천구 목동서로 155 ,양천구,이디야
1075,목동파리공원점,서울 양천구 목동동로 379 ,양천구,이디야
1076,서남병원점,서울 양천구 신정동,양천구,이디야
1077,신월5동점,서울 양천구 화곡로 50 ,양천구,이디야
1078,신월7동점,서울 양천구 지양로 79 ,양천구,이디야
1079,신월사거리점,서울 양천구 남부순환로 353 ,양천구,이디야
1080,신월신곡시장점,서울 양천구 신월로 172 ,양천구,이디야
1081,신정네거리역점,서울 양천구 중앙로 282 ,양천구,이디야
1082,신정서부점,서울 양천구 신정로11길 50-15 ,양천구,이디야
1083,신정역점,서울 양천구 오목로 155 ,양천구,이디야
1084,양천구청점,서울 양천구 목동동로 63 ,양천구,이디야
1085,오목교대학학원점,서울 양천구 오목로 319 ,양천구,이디야
1086,오목교역점,서울 양천구 신목로 102 ,양천구,이디야
1087,KBS별관점,서울 영등포구 국제금융로8길 27-9 ,영등포구,이디야
1088,국회의사당역점,서울 영등포구 의사당대로 22 ,영등포구,이디야
1089,남부고용센터점,서울 영등포구 양산로 71 ,영등포구,이디야
1090,당산버드나루점,서울 영등포구 버드나루로 87 ,영등포구,이디야
1091,당산역점,서울 영등포구 당산로 222 ,영등포구,이디야
1092,당산중앙점,서울 영등포구 당산로 159 ,영등포구,이디야
1093,대림1동점,서울 영등포구 도림로 198 ,영등포구,이디야
1094,대림3동점,서울 영등포구 대림로 212 ,영등포구,이디야
1095,대림역점,서울 영등포구 도림로31길 2 ,영등포구,이디야
1096,도림사거리점,서울 영등포구 도림로 326 ,영등포구,이디야
1097,도림점,서울 영등포구 도신로15길 40 ,영등포구,이디야
1098,라이프점,서울 영등포구 63로 40 ,영등포구,이디야
1099,문래역점,서울 영등포구 문래로 89 ,영등포구,이디야
1100,보라매역점,서울 영등포구 여의대방로 141 ,영등포구,이디야
1101,서여의도점,서울 영등포구 국회대로72길 4 ,영등포구,이디야
1102,선유도역점,서울 영등포구 양평로 126 ,영등포구,이디야
1103,신길성애병원점,서울 영등포구 여의대방로53길 27 ,영등포구,이디야
1104,신길썬프라자점,서울 영등포구 신길로 42 ,영등포구,이디야
1105,신길아이파크점,서울 영등포구 도림로 280 ,영등포구,이디야
1106,신길역점,서울 영등포구 영등포로 353 ,영등포구,이디야
1107,신길중앙점,서울 영등포구 도신로 229 ,영등포구,이디야
1108,신풍역점,서울 영등포구 신풍로 52-1 ,영등포구,이디야
1109,양평동2가점,서울 영등포구 선유서로25길 19 ,영등포구,이디야
1110,여의나루역점,서울 영등포구 여의나루로 113 ,영등포구,이디야
1111,여의도농협재단점,서울 영등포구 국제금융로8길 2 ,영등포구,이디야
1112,여의도역점,서울 영등포구 의사당대로 108 ,영등포구,이디야
1113,영등포knk점,서울 영등포구 영신로 220 ,영등포구,이디야
1114,영등포구청점,서울 영등포구 당산로 110 ,영등포구,이디야
1115,영등포그랜드점,서울 영등포구 양산로9길 15 ,영등포구,이디야
1116,영등포시장점,서울 영등포구 영등포로35길 19 ,영등포구,이디야
1117,영등포아크로타워점,서울 영등포구 국회대로54길 10 ,영등포구,이디야
1118,영등포에이스점,서울 영등포구 경인로 775 ,영등포구,이디야
1119,영등포점,서울 영등포구 영중로 16-1 ,영등포구,이디야
1120,영등포중앙점,서울 영등포구 영중로 37 ,영등포구,이디야
1121,영등포코레일점,서울 영등포구 경인로 846 ,영등포구,이디야
1122,영등포홈플러스점,서울 영등포구 당산로 42 ,영등포구,이디야
1123,한강성심병원점,서울 영등포구 버드나루로 51 ,영등포구,이디야
1124,한국수출입은행점,서울 영등포구 은행로 38 ,영등포구,이디야
1125,힐스테이트클래시안점,서울 영등포구 신길로28길 9 ,영등포구,이디야
1126,갈현점,서울 은평구 갈현로 268 ,은평구,이디야
1127,구산사거리점,서울 은평구 서오릉로 195 ,은평구,이디야
1128,구산역점,서울 은평구 연서로 148 ,은평구,이디야
1129,구파발역점,서울 은평구 진관2로 29-21 ,은평구,이디야
1130,녹번동점,서울 은평구 진흥로 156 ,은평구,이디야
1131,녹번중앙점,서울 은평구 통일로 635 ,은평구,이디야
1132,독바위역점,서울 은평구 불광로 128 ,은평구,이디야
1133,백련산아이파크점,서울 은평구 응암로 264 ,은평구,이디야
1134,본서부병원점,서울 은평구 응암로 337 ,은평구,이디야
1135,불광역점,서울 은평구 통일로 731 ,은평구,이디야
1136,불광연서로점,서울 은평구 연서로 275 ,은평구,이디야
1137,불광중앙점,서울 은평구 불광로 59 ,은평구,이디야
1138,새절역점,서울 은평구 가좌로 272 ,은평구,이디야
1139,서광교회점,서울 은평구 통일로 951 ,은평구,이디야
1140,수색역점,서울 은평구 수색로 250 ,은평구,이디야
1141,역촌동점,서울 은평구 갈현로 82 ,은평구,이디야
1142,역촌사거리점,서울 은평구 서오릉로 100 ,은평구,이디야
1143,역촌역점,서울 은평구 진흥로 95 ,은평구,이디야
1144,역촌진흥로점,서울 은평구 진흥로1길 3 ,은평구,이디야
1145,연신내역점,서울 은평구 통일로 855-9 ,은평구,이디야
1146,연신내중앙점,서울 은평구 통일로 825 ,은평구,이디야
1147,연신내통일로점,서울 은평구 통일로 876 ,은평구,이디야
1148,은평구청점,서울 은평구 은평로 197 ,은평구,이디야
1149,은평뉴타운점,서울 은평구 진관3로 70 ,은평구,이디야
1150,은평이마트점,서울 은평구 은평로 111 ,은평구,이디야
1151,응암역점,서울 은평구 연서로 9 ,은평구,이디야
1152,응암오거리점,서울 은평구 응암로 211 ,은평구,이디야
1153,응암중앙점,서울 은평구 응암로 183 ,은평구,이디야
1154,증산동점,서울 은평구 증산서길 78 ,은평구,이디야
1155,경복궁역점,서울 종로구 자하문로 7 ,종로구,이디야
1156,경복궁역점,서울 종로구 자하문로 7 ,종로구,이디야
1157,경희궁점,서울 종로구 경희궁1길 16 ,종로구,이디야
1158,광화문점,서울 종로구 세종대로23길 15 ,종로구,이디야
1159,광화문트윈트리타워점,서울 종로구 율곡로 6 ,종로구,이디야
1160,낙원동점,서울 종로구 낙원동 ,종로구,이디야
1161,대학로점,서울 종로구 대학로10길 17 ,종로구,이디야
1162,독립문역점,서울 종로구 통일로 266 ,종로구,이디야
1163,동대문역점,서울 종로구 율곡로 286 ,종로구,이디야
1164,동묘역점,서울 종로구 종로 354 ,종로구,이디야
1165,방통대점,서울 종로구 대학로 81-1 ,종로구,이디야
1166,배화여대점,서울 종로구 필운대로1길 35 ,종로구,이디야
1167,북촌마을점,서울 종로구 북촌로5길 39 ,종로구,이디야
1168,삼일빌딩점,서울 종로구 삼일대로15길 13 ,종로구,이디야
1169,상명대점,서울 종로구 홍지동,종로구,이디야
1170,성균관대점,서울 종로구 성균관로 8 ,종로구,이디야
1171,숭인점,서울 종로구 숭인동길 6 ,종로구,이디야
1172,신설점,서울 종로구 난계로29길 30 ,종로구,이디야
1173,안국역사점,서울 종로구 율곡로 지하 62 ,종로구,이디야
1174,종각점,서울 종로구 삼일대로19길 24 ,종로구,이디야
1175,종로3가점,서울 종로구 종로 126 ,종로구,이디야
1176,종로4가점,서울 종로구 김상옥로 1 ,종로구,이디야
1177,종로5가점,서울 종로구 대학로 33 ,종로구,이디야
1178,종로교차로점,서울 종로구 동호로 406-1 ,종로구,이디야
1179,종로구청점,서울 종로구 수송동,종로구,이디야
1180,종로르메이에르점,서울 종로구 종로1가 르메이에르종로타운,종로구,이디야
1181,종로삼일대로점,서울 종로구 삼일대로 390-1 ,종로구,이디야
1182,종로타워점,서울 종로구 종로 51 ,종로구,이디야
1183,창덕궁점,서울 종로구 돈화문로 41-1 ,종로구,이디야
1184,창신동점,서울 종로구 종로 316-1 ,종로구,이디야
1185,창신중앙점 ,서울 종로구 지봉로 64 ,종로구,이디야
1186,탑골공원점,서울 종로구 낙원동 ,종로구,이디야
1187,혜화동로터리점,서울 종로구 혜화로 3-1 ,종로구,이디야
1188,혜화역점,서울 종로구 창경궁로 258-15 ,종로구,이디야
1189,IBK본점,서울 중구 을지로 79 ,중구,이디야
1190,YTN점,서울 중구 세종대로1길 11 ,중구,이디야
1191,광희동점,서울 중구 마른내로 165-1 ,중구,이디야
1192,다동점,서울 중구 다동길 46 ,중구,이디야
1193,동국대후문점,서울 중구 창경궁로 2 ,중구,이디야
1194,동대문점,서울 중구 을지로43길 38 ,중구,이디야
1195,동대문팀204점,서울 중구 마장로 30 ,중구,이디야
1196,동평화점,서울 중구 청계천로 318 ,중구,이디야
1197,만리동고개점,서울 중구 만리재로 175 ,중구,이디야
1198,명동거리점,서울 중구 명동8가길 7 ,중구,이디야
1199,명동역점,서울 중구 퇴계로 103 ,중구,이디야
1200,명동중앙점,서울 중구 명동7길 21 ,중구,이디야
1201,북창동점,서울 중구 남대문로1길 57-1 ,중구,이디야
1202,서소문점,서울 중구 서소문로11길 8 ,중구,이디야
1203,서울시청점,서울 중구 세종대로20길 23 ,중구,이디야
1204,신당점,서울 중구 다산로35길 11 ,중구,이디야
1205,신당중앙점,서울 중구 퇴계로 455 ,중구,이디야
1206,약수역점,서울 중구 동호로 186-13 ,중구,이디야
1207,오장동점,서울 중구 마른내로 109-1 ,중구,이디야
1208,을지로3가점,서울 중구 수표로 45 ,중구,이디야
1209,을지로중앙점,서울 중구 마른내로 49 ,중구,이디야
1210,정동점,서울 중구 정동길 2-1 ,중구,이디야
1211,중림브라운스톤점,서울 중구 청파로 464 ,중구,이디야
1212,중림점,서울 중구 청파로 464 ,중구,이디야
1213,청구역점,서울 중구 다산로 181-2 ,중구,이디야
1214,충무로3가점,서울 중구 퇴계로27길 31 ,중구,이디야
1215,충무로점,서울 중구 퇴계로 188 ,중구,이디야
1216,충무아트홀점,서울 중구 퇴계로 381-1 ,중구,이디야
1217,충무필동점,서울 중구 퇴계로 218-5 ,중구,이디야
1218,충정로역점,서울 중구 중림로 10 ,중구,이디야
1219,태평로점,서울 중구 세종대로11길 26 ,중구,이디야
1220,퇴계로2길점,서울 중구 퇴계로2길 1 ,중구,이디야
1221,한국은행점,서울 중구 남대문로 29-2 ,중구,이디야
1222,황학롯데캐슬점,서울 중구 청계천로 400 ,중구,이디야
1223,회현SK리더스점,서울 중구 퇴계로 72 ,중구,이디야
1224,강동고덕교차로점,서울 강동구 고덕로 421 ,강동구,이디야
1225,강동구청점,서울 강동구 성내로6길 20 ,강동구,이디야
1226,강동성내점,서울 강동구 풍성로 162 ,강동구,이디야
1227,강동신명초교점,서울 강동구 명일로 260 ,강동구,이디야
1228,강동역점,서울 강동구 천호대로 1065 ,강동구,이디야
1229,강일점,서울 강동구 아리수로93길 19 ,강동구,이디야
1230,고덕강일2지구점,서울 강동구 아리수로93나길 76 ,강동구,이디야
1231,고덕그라시움후문점,서울 강동구 동남로82길 121 ,강동구,이디야
1232,고덕래미안힐스점,서울 강동구 아리수로50길 50 ,강동구,이디야
1233,고덕점,서울 강동구 동남로75길 19 ,강동구,이디야
1234,굽은다리역점,서울 강동구 양재대로 1543 ,강동구,이디야
1235,길동사거리점,서울 강동구 천호대로 1132 ,강동구,이디야
1236,길동역점,서울 강동구 양재대로 1471 ,강동구,이디야
1237,길동중앙점,서울 강동구 명일로 200 ,강동구,이디야
1238,둔촌점,서울 강동구 양재대로 1377 ,강동구,이디야
1239,명일역점,서울 강동구 구천면로 424 ,강동구,이디야
1240,명일중앙점,서울 강동구 상암로 210 ,강동구,이디야
1241,보훈병원점,서울 강동구 명일로 110 ,강동구,이디야
1242,상일리엔파크점,서울 강동구 상일로 74 ,강동구,이디야
1243,암사3동점,서울 강동구 고덕로 140 ,강동구,이디야
1244,암사역점,서울 강동구 올림픽로 782 ,강동구,이디야
1245,암사중앙점,서울 강동구 암사길 50 ,강동구,이디야
1246,올림픽북문점,서울 강동구 성안로 7 ,강동구,이디야
1247,천호1동점,서울 강동구 구천면로34길 43 ,강동구,이디야
1248,천호로데오점,서울 강동구 천호대로 1027 ,강동구,이디야
1249,천호중앙점,서울 강동구 올림픽로 660 ,강동구,이디야
1250,천호초교사거리점,서울 강동구 구천면로 304 ,강동구,이디야
1251,천호현대점,서울 강동구 올림픽로 665 ,강동구,이디야
1252,개봉북부점,서울 구로구 경인로40길 12 ,구로구,이디야
1253,개봉역점,서울 구로구 남부순환로97길 11 ,구로구,이디야
1254,개봉중앙점,서울 구로구 개봉로3길 26 ,구로구,이디야
1255,개봉현대점,서울 구로구 개봉로 69 ,구로구,이디야
1256,고대구로병원점,서울 구로구 구로동로 157 ,구로구,이디야
1257,고척사거리점,서울 구로구 고척로 228-6 ,구로구,이디야
1258,고척스카이돔점,서울 구로구 경인로 397 ,구로구,이디야
1259,구로NC점,서울 구로구 구로동로 240 ,구로구,이디야
1260,구로고척점,서울 구로구 고척로 149 ,구로구,이디야
1261,구로구청점,서울 구로구 가마산로25길 9 ,구로구,이디야
1262,구로궁동점,서울 구로구 오리로 1304 ,구로구,이디야
1263,구로미성점,서울 구로구 구로중앙로 228 ,구로구,이디야
1264,구로에이스점,서울 구로구 디지털로33길 11 ,구로구,이디야
1265,구로역광장점,서울 구로구 경인로 572 ,구로구,이디야
1266,구로이마트점,서울 구로구 디지털로32길 43 ,구로구,이디야
1267,구로중앙점,서울 구로구 도림로 79 ,구로구,이디야
1268,구로코레일점,서울 구로구 구로중앙로 174 ,구로구,이디야
1269,구로하버라인점,서울 구로구 항동로3길 6 ,구로구,이디야
1270,구일역점,서울 구로구 구일로 110 ,구로구,이디야
1271,남구로역점,서울 구로구 디지털로27길 127 ,구로구,이디야
1272,동양미래대학점,서울 구로구 경인로47길 14 ,구로구,이디야
1273,메르디앙고척점,서울 구로구 중앙로8길 11 ,구로구,이디야
1274,성공회대점,서울 구로구 연동로 312 ,구로구,이디야
1275,신도림메르디앙점,서울 구로구 신도림로 65 ,구로구,이디야
1276,신도림테크노마트점,서울 구로구 새말로 97 ,구로구,이디야
1277,오류남부점,서울 구로구 오류로8길 65 ,구로구,이디야
1278,오류북부역점,서울 구로구 경인로20길 6 ,구로구,이디야
1279,천왕이펜하우스점,서울 구로구 천왕로 36 ,구로구,이디야
1280,경희대점,서울 동대문구 경희대로 4 ,동대문구,이디야
1281,경희대캠퍼스점,서울 동대문구 경희대로 26 ,동대문구,이디야
1282,답십리사거리점,서울 동대문구 답십리로 145 ,동대문구,이디야
1283,답십리역점,서울 동대문구 천호대로 265 ,동대문구,이디야
1284,답십리파크자이점,서울 동대문구 한천로 55 ,동대문구,이디야
1285,동대문구청점,서울 동대문구 천호대로 153-1 ,동대문구,이디야
1286,동부병원사거리점,서울 동대문구 무학로 104 ,동대문구,이디야
1287,배봉초교사거리점,서울 동대문구 답십리로63길 131 ,동대문구,이디야
1288,서울시립대점,서울 동대문구 서울시립대로 164 ,동대문구,이디야
1289,신설동역점,서울 동대문구 천호대로 11-3 ,동대문구,이디야
1290,용두동사거리점,서울 동대문구 왕산로 68 ,동대문구,이디야
1291,용두동점,서울 동대문구 고산자로 413-1 ,동대문구,이디야
1292,이문점 ,서울 동대문구 신이문로 19 ,동대문구,이디야
1293,장안동사거리점,서울 동대문구 답십리로 309 ,동대문구,이디야
1294,장안동점,서울 동대문구 장한로 43 ,동대문구,이디야
1295,장안중랑천점,서울 동대문구 장한로18길 32 ,동대문구,이디야
1296,장안중앙점,서울 동대문구 사가정로25길 42 ,동대문구,이디야
1297,장한평군자초교점,서울 동대문구 한천로2길 53 ,동대문구,이디야
1298,전농뉴타운점,서울 동대문구 답십리로 77 ,동대문구,이디야
1299,전농사거리점,서울 동대문구 사가정로 132 ,동대문구,이디야
1300,청량리점,서울 동대문구 왕산로 225 ,동대문구,이디야
1301,촬영소사거리점,서울 동대문구 답십리로 264 ,동대문구,이디야
1302,회기역중앙점,서울 동대문구 회기로 194-1 ,동대문구,이디야
1303,논골사거리점,서울 성동구 난계로 35 ,성동구,이디야
1304,뚝섬역점,서울 성동구 상원길 38-1 ,성동구,이디야
1305,마장동점,서울 성동구 고산자로 339-2 ,성동구,이디야
1306,마장역점,서울 성동구 마장로 293-1 ,성동구,이디야
1307,상왕십리역점,서울 성동구 무학봉15길 27 ,성동구,이디야
1308,서울숲역점,서울 성동구 왕십리로 96-1 ,성동구,이디야
1309,성동구청점,서울 성동구 고산자로 269 ,성동구,이디야
1310,성수2가점,서울 성동구 성덕정길 106 ,성동구,이디야
1311,성수아카데미점,서울 성동구 성수이로 118 ,성동구,이디야
1312,성수우리W타워점,서울 성동구 아차산로15길 19 ,성동구,이디야
1313,성수중앙점,서울 성동구 성수일로6길 47 ,성동구,이디야
1314,신금호역점,서울 성동구 금호산길 64 ,성동구,이디야
1315,옥수동점,서울 성동구 매봉길 12 ,성동구,이디야
1316,옥수역점,서울 성동구 한림말5길 9 ,성동구,이디야
1317,왕십리비트플렉스점,서울 성동구 왕십리광장로 17 ,성동구,이디야
1318,왕십리센트라스점,서울 성동구 무학로 22 ,성동구,이디야
1319,왕십리역점,서울 성동구 왕십리로 309 ,성동구,이디야
1320,응봉동점,서울 성동구 독서당로 381 ,성동구,이디야
1321,장한평역점,서울 성동구 천호대로 426 ,성동구,이디야
1322,텐즈힐점,서울 성동구 무학로 33 ,성동구,이디야
1323,행당동점,서울 성동구 고산자로 201 ,성동구,이디야
1324,IBK고객센터점,서울 용산구 한남대로 72 ,용산구,이디야
1325,동부이촌동점,서울 용산구 이촌로77길 19 ,용산구,이디야
1326,동자동점,서울 용산구 후암로 93 ,용산구,이디야
1327,삼각지점,서울 용산구 한강대로 138 ,용산구,이디야
1328,숙대입구역점,서울 용산구 한강대로 289 ,용산구,이디야
1329,순천향병원점,서울 용산구 대사관로 72 ,용산구,이디야
1330,용문점,서울 용산구 원효로41길 73 ,용산구,이디야
1331,용산원효점,서울 용산구 원효로 70 ,용산구,이디야
1332,용산청파점,서울 용산구 청파로71길 10 ,용산구,이디야
1333,용산효창점,서울 용산구 효창원로66길 2 ,용산구,이디야
1334,용산후암점,서울 용산구 후암로 40-2 ,용산구,이디야
1335,원효로점,서울 용산구 원효로 257 ,용산구,이디야
1336,이태원역점,서울 용산구 이태원로 176 ,용산구,이디야
